id,Address,Response_Address,Response_X,Response_Y
1,臺北市萬華區菜園里12鄰康定路84號,臺北市萬華區菜園里12鄰康定路84號,121.50223,25.041989
2,臺北市信義區安康里9鄰信義路五段57號,臺北市信義區安康里9鄰信義路五段57號,121.569432,25.033321
3,臺北士林區舊佳里文林路584號,臺北市士林區舊佳里22鄰文林路582號,121.523874,25.098205
4,臺北市內湖區江南街65巷25號之1,臺北市內湖區港墘里5鄰江南街65巷25之1號,121.578142,25.077096
5,臺北市中山區正守里12鄰長安東路一段52巷10號,臺北市中山區正守里12鄰長安東路一段52巷10號,121.527835,25.047751
6,臺北市文山區景行里22鄰景後街143巷12號,臺北市文山區景行里22鄰景後街143巷12號,121.542614,24.990286
7,臺北市大安區仁愛里1鄰復興南路一段175號,臺北市大安區仁愛里1鄰復興南路一段175號,121.54398,25.040911
8,臺北市大安區龍生里11鄰瑞安街155巷11號,臺北市大安區龍生里11鄰瑞安街155巷11號,121.539548,25.026071
9,臺北市北投區八仙里4鄰中央南路二段14之2號,臺北市北投區八仙里4鄰中央南路二段14之2號,121.50022,25.126902
10,臺北市文山區萬盛街89號,臺北市文山區萬盛里12鄰萬盛街89號,121.542631,25.005586
11,臺北市中山區中山里4鄰中山北路二段59巷1號,臺北市中山區中山里4鄰中山北路二段59巷1號,121.523176,25.055916
12,臺北市中山區中山里4鄰中山北路二段59巷9號,臺北市中山區中山里4鄰中山北路二段59巷9號,121.523621,25.055907
13,臺北市北投區永欣里6鄰天母西路117巷32弄5號,臺北市北投區永欣里6鄰天母西路117巷32弄5號,121.524705,25.120536
14,臺北市北投區永欣里6鄰天母西路117巷32弄8號,臺北市北投區永欣里6鄰天母西路117巷32弄8號,121.524272,25.120018
15,臺北市內湖區明湖里10鄰康寧路三段187號,臺北市內湖區明湖里10鄰康寧路三段187號,121.611974,25.06997
16,臺北市中山區中山北路三段53號,臺北市中山區圓山里13鄰中山北路三段53號,121.522891,25.067716
17,臺北市中山區力行里19鄰遼寧街105巷36號,臺北市中山區力行里19鄰遼寧街105巷36號,121.543064,25.051079
18,臺北市中正區文祥里14鄰信義路二段79巷32號,臺北市中正區文祥里14鄰信義路二段79巷32號,121.526984,25.035976
19,臺北市北投區中和里2鄰中和街391巷2弄9號,臺北市北投區中和里2鄰中和街391巷2弄9號,121.497879,25.142645
20,臺北市松山區中正里8鄰敦化北路4巷25弄18號,臺北市松山區中正里8鄰敦化北路4巷25弄18號,121.546289,25.049724
21,臺北市北投區中和里10鄰大屯路7巷11之1號,臺北市北投區中和里10鄰大屯路7巷11之1號,121.499598,25.142325
22,臺北市北投區奇岩里8鄰奇岩路210號,臺北市北投區奇岩里8鄰奇岩路210號,121.508644,25.128347
23,臺北市北投區溫泉里19鄰溫泉路68之10號,臺北市北投區溫泉里19鄰溫泉路68之10號,121.504909,25.134969
24,臺北市中正區光復里8鄰衡陽路69號,臺北市中正區光復里8鄰衡陽路69號,121.511767,25.042377
25,臺北市大安區民輝里19鄰市民大道三段118號,臺北市大安區民輝里19鄰市民大道三段118號,121.533959,25.044947
26,臺北市中山區樂群二路66號,臺北市中山區成功里14鄰樂群二路66號,121.554073,25.07973
27,臺北市中山區樂群二路66號,臺北市中山區成功里14鄰樂群二路66號,121.554073,25.07973
28,臺北市北投區奇岩路237號,臺北市北投區奇岩里22鄰奇岩路237號,121.509946,25.127903
29,臺北市士林區社中街335號,臺北市士林區永倫里4鄰社中街335號,121.504414,25.092191
30,臺北市內湖區紫雲里3鄰康寧路一段179號,臺北市內湖區紫雲里3鄰康寧路一段179號,121.595763,25.078519
31,臺北市大同區大有里18鄰民生西路367號,臺北市大同區大有里18鄰民生西路367號,121.510486,25.057005
32,臺北市大同區大有里19鄰歸綏街208之1號,臺北市大同區大有里19鄰歸綏街208之1號,121.511036,25.058192
33,臺北市中山區正守里1鄰市民大道三段5號,臺北市中山區正守里1鄰市民大道三段5號,121.53127,25.04613
34,臺北市中山區正守里10鄰長安東路一段24之3號,臺北市中山區正守里10鄰長安東路一段24之3號,121.525688,25.048781
35,臺北市中山區朱園里15鄰松江路45巷10號,臺北市中山區朱園里15鄰松江路45巷10號,121.533591,25.047889
36,臺北市南港區東明里2鄰南港路二段59號,臺北市南港區東明里2鄰南港路二段59號,121.598849,25.053477
37,臺北市北投區磺港路102-110號,臺北市北投區清江里5鄰磺港路102號,121.503496,25.130416
38,臺北市中正區和平西路一段63號,臺北市中正區南福里10鄰和平西路一段63號,121.519127,25.026602
39,臺北市內湖區洲子街176號,臺北市內湖區西湖里13鄰洲子街176號,121.567468,25.081257
40,臺北市中山區恆安里7鄰民權東路一段61之1號,臺北市中山區恆安里7鄰民權東路一段61之1號,121.525052,25.062902
41,臺北市中山區民安里11鄰中山北路二段24之3號,臺北市中山區民安里11鄰中山北路二段24之3號,121.522358,25.053919
42,臺北市中山區中山北路二段123號,臺北市中山區聚葉里1鄰中山北路二段123號,121.523172,25.061208
43,臺北市士林區福志里19鄰中山北路五段698巷18號,臺北市士林區福志里19鄰中山北路五段698巷18號,121.52831,25.097449
44,臺北市中山區恆安里2鄰民權東路一段15號,臺北市中山區恆安里2鄰民權東路一段15號,121.523436,25.06298
45,臺北市中山區新生里14鄰新生北路二段149巷32號,臺北市中山區新生里14鄰新生北路二段149巷32號,121.528676,25.061997
46,臺北市中山區恆安里1鄰中山北路二段175號,臺北市中山區恆安里1鄰中山北路二段175號,121.522769,25.063071
47,臺北市中山區民安里3鄰長安西路46號,臺北市中山區民安里3鄰長安西路46號,121.520284,25.050049
48,臺北市中山區長安西路19巷22弄18號,臺北市中山區民安里7鄰長安西路19巷22弄18號,121.520832,25.051171
49,臺北市大同區雙連里12鄰雙連街8號,臺北市大同區雙連里12鄰雙連街8號,121.51903,25.058022
50,臺北市中山區新生北路二段76巷10號,臺北市中山區中山里15鄰新生北路二段76巷10號,121.526979,25.057448
51,臺北市中山區中山北路二段108號,臺北市中山區集英里7鄰中山北路二段108號,121.522739,25.06049
52,臺北市中山區雙城街25巷13號,臺北市中山區晴光里10鄰雙城街25巷15號,121.525346,25.066258
53,臺北市中山區集英里7鄰中山北路二段98號,臺北市中山區集英里7鄰中山北路二段98號,121.522707,25.059882
54,臺北市中山區中山里18鄰新生北路二段68巷15號,臺北市中山區中山里18鄰新生北路二段68巷15號,121.526148,25.05649
55,臺北市中山區聚盛里5鄰錦州街30巷9號,臺北市中山區聚盛里5鄰錦州街30巷9號,121.524874,25.05956
56,臺北市松山區鵬程里15鄰健康路325巷25弄2號,臺北市松山區鵬程里15鄰健康路325巷25弄2號,121.566997,25.056398
57,臺北市中正區東門里13鄰紹興南街28之2號,臺北市中正區東門里13鄰紹興南街28之2號,121.523166,25.038001
58,臺北市中正區幸福里14鄰齊東街70巷17號,臺北市中正區幸福里14鄰齊東街70巷17號,121.527844,25.042862
59,臺北市萬華區雙園里17鄰莒光路347巷32號,臺北市萬華區雙園里17鄰莒光路347巷32號,121.496905,25.030076
60,臺北市中正區臨沂街32巷2號,臺北市中正區文北里24鄰臨沂街32巷2號,121.529531,25.039657
61,臺北市中正區南福里23鄰羅斯福路一段58巷28之2號,臺北市中正區南福里23鄰羅斯福路一段58巷28之2號,121.518429,25.030504
62,臺北市中正區網溪里21鄰廈門街99巷6之1號,臺北市中正區網溪里21鄰廈門街99巷6之1號,121.518029,25.023695
63,臺北市中正區新營里7鄰愛國東路88號,臺北市中正區新營里7鄰愛國東路88號,121.519968,25.033351
64,臺北市中正區同安街65號,臺北市中正區河堤里1鄰同安街65號,121.521562,25.023813
65,臺北市南港區重陽里10鄰重陽路39巷66之5號,臺北市南港區重陽里10鄰重陽路39巷66之5號,121.594789,25.056217
66,臺北市南港區舊莊里16鄰南深路23巷19號,臺北市南港區舊莊里16鄰南深路23巷19號,121.621899,25.037696
67,臺北市南港區中研里7鄰福山街44巷9號,臺北市南港區中研里7鄰福山街44巷9號,121.61708,25.045342
68,臺北市文山區景華里2鄰羅斯福路六段305號,臺北市文山區景華里2鄰羅斯福路六段305號,121.541372,24.994115
69,臺北市中山區中山北路一段83巷12號,臺北市中山區正得里7鄰中山北路一段83巷12號,121.522824,25.050262
70,臺北市南港區向陽路196巷1號,臺北市南港區重陽里14鄰向陽路196巷1號,121.593934,25.056674
71,臺北市萬華區仁德里1鄰昆明街181號,臺北市萬華區仁德里1鄰昆明街181號,121.504212,25.039487
72,臺北市大安區龍安里12鄰和平東路一段167號,臺北市大安區龍安里12鄰和平東路一段167號,121.531718,25.026536
73,臺北市大同區建功里15鄰重慶北路一段67號,臺北市大同區建功里15鄰重慶北路一段67號,121.514141,25.051815
74,臺北市文山區木柵里7鄰木柵路三段85巷8弄1號,臺北市文山區木柵里7鄰木柵路三段85巷8弄1號,121.567479,24.989566
75,臺北市信義區興雅里23鄰永吉路30巷157弄19號,臺北市信義區興雅里23鄰永吉路30巷157弄19號,121.569519,25.042366
76,臺北市大安區臥龍里3鄰敦南街88號,臺北市大安區臥龍里3鄰敦南街88號,121.547604,25.020962
77,臺北市大同區酒泉街124號,臺北市大同區鄰江里26鄰酒泉街124號,121.512929,25.071984
78,臺北市大同區建明里8鄰長安西路138之3號,臺北市大同區建明里8鄰長安西路138之3號,121.517441,25.050685
79,臺北市北投區奇岩里1鄰公舘路92巷1弄19號,臺北市北投區奇岩里1鄰公舘路92巷1弄19號,121.504741,25.129894
80,臺北市士林區前港里7鄰後港街134巷40號,臺北市士林區前港里7鄰後港街134巷40號,121.520276,25.08678
81,臺北市內湖區葫洲里4鄰民權東路六段280巷17號,臺北市內湖區葫洲里4鄰民權東路六段280巷17號,121.605327,25.071784
82,臺北市松山區復興北路501號,臺北市松山區民福里1鄰復興北路509號,121.544479,25.065684
83,臺北市中山區中庄里20鄰民生東路二段127巷23號,臺北市中山區中庄里20鄰民生東路二段127巷23號,121.532308,25.059809
84,臺北市中山區民生東路二段25號,臺北市中山區中庄里1鄰民生東路二段25號,121.528589,25.058149
85,臺北市中正區幸市里4鄰臨沂街25巷4號,臺北市中正區幸市里4鄰臨沂街25巷4號,121.530652,25.041478
86,臺北市信義區松隆路231號,臺北市信義區四育里1鄰松隆路231號,121.577008,25.048297
87,臺北市信義區惠安里17鄰吳興街524巷20號,臺北市信義區惠安里17鄰吳興街524巷20號,121.568123,25.022203
88,臺北市信義區市民大道六段108號,臺北市信義區雅祥里19鄰市民大道六段108號,121.57254,25.049133
89,臺北市信義區長春里12鄰忠孝東路五段423巷26號,臺北市信義區長春里12鄰忠孝東路五段423巷26號,121.575447,25.042358
90,臺北市大安區仁慈里5鄰信義路四段19巷6之3號,臺北市大安區仁慈里5鄰信義路四段19巷6之3號,121.544368,25.033985
91,臺北市信義區敦厚里6鄰松隆路9巷30弄13號,臺北市信義區敦厚里6鄰松隆路9巷30弄13號,121.567804,25.044429
92,臺北市信義區中行里29鄰中坡南路201巷18號,臺北市信義區中行里29鄰中坡南路201巷18號,121.586504,25.041398
93,臺北市信義區黎順里3鄰信安街103巷5號,臺北市信義區黎順里3鄰信安街103巷5號,121.556826,25.025303
94,臺北市信義區東興路63號,臺北市信義區新仁里19鄰東興路63號,121.566987,25.047318
95,臺北市南港區成福里18鄰成福路121巷9號,臺北市南港區成福里18鄰成福路121巷9號,121.587902,25.042099
96,臺北市大安區光明里3鄰信義路二段66號,臺北市大安區光明里3鄰信義路二段66號,121.526079,25.034372
97,臺北市信義區景勤里3鄰吳興街190巷10之1號,臺北市信義區景勤里3鄰吳興街190巷10之1號,121.562151,25.028178
98,臺北市士林區天玉里5鄰天母北路9巷8號,臺北市士林區天玉里5鄰天母北路9巷8號,121.526872,25.119049
99,臺北市大安區光明里2鄰杭州南路二段25巷25號,臺北市大安區光明里2鄰杭州南路二段25巷25號,121.524794,25.033484
100,臺北市信義區泰和里29鄰吳興街600巷100弄20號,臺北市信義區泰和里29鄰吳興街600巷100弄20號,121.572241,25.017479
101,臺北市信義區敦厚里8鄰松隆路42號,臺北市信義區敦厚里8鄰松隆路42號,121.567978,25.043741
102,臺北市士林區福志里18鄰中山北路五段616號,臺北市士林區福志里18鄰中山北路五段616號,121.527968,25.096468
103,臺北市大安區龍圖里6鄰建國南路二段57號,臺北市大安區龍圖里6鄰建國南路二段57號,121.538188,25.031783
104,臺北市大安區龍圖里6鄰建國南路二段65號,臺北市大安區龍圖里6鄰建國南路二段65號,121.53819,25.031489
105,臺北市文山區試院里29鄰木柵路一段12之1號,臺北市文山區試院里29鄰木柵路一段12之1號,121.546204,24.986656
106,臺北市內湖區週美里行善路235號,臺北市內湖區週美里24鄰行善路235號,121.582911,25.06044
107,臺北市信義區中興里12鄰信義路四段450巷,臺北市信義區中興里2鄰信義路四段450巷9號,121.558628,25.032278
108,臺北市萬華區富福里10鄰大理街1之5號,臺北市萬華區富福里10鄰大理街1之5號,121.503119,25.034603
109,臺北市中正區螢雪里3鄰重慶南路三段124巷3號,臺北市中正區螢雪里3鄰重慶南路三段124巷3號,121.516394,25.024495
110,臺北市大安區住安里7鄰信義路四段30巷5之1號,臺北市大安區住安里7鄰信義路四段30巷5之1號,121.544715,25.032862
111,臺北市大安區芳和里3鄰樂業街94巷27號,臺北市大安區芳和里3鄰樂業街94巷27號,121.550563,25.020605
112,臺北市中正區光復里9鄰衡陽路103號,臺北市中正區光復里9鄰衡陽路103號,121.509136,25.042252
113,臺北市信義區大道里7鄰忠孝東路五段790巷22弄17號,臺北市信義區大道里7鄰忠孝東路五段790巷22弄17號,121.582001,25.042366
114,臺北市士林區福志里23鄰中山北路五段736號,臺北市士林區福志里23鄰中山北路五段736號,121.527285,25.098927
115,臺北市南港區三重里16鄰經貿一路166號,臺北市南港區三重里16鄰經貿一路166號,121.619623,25.057798
116,臺北市中山區朱崙里2鄰八德路二段137巷20號,臺北市中山區朱崙里2鄰八德路二段137巷20號,121.537308,25.04716
117,臺北市南港區南港路一段171巷,臺北市南港區南港里2鄰南港路一段171巷18號,121.613022,25.054565
118,臺北市北投區中庸里1鄰中和街219之1號,臺北市北投區中庸里1鄰中和街219之1號,121.501319,25.139343
119,臺北市北投區中庸里1鄰中和街219之1號,臺北市北投區中庸里1鄰中和街219之1號,121.501319,25.139343
120,臺北市大同區雙連里14鄰興城街73之2號,臺北市大同區雙連里14鄰興城街73之2號,121.517713,25.059557
121,臺北市文山區順興里17鄰木新路二段218巷11號,臺北市文山區順興里17鄰木新路二段218巷11號,121.567334,24.983961
122,臺北市大安區錦泰里6鄰杭州南路二段61巷11號,臺北市大安區錦泰里6鄰杭州南路二段61巷11號,121.523007,25.030298
123,臺北市中正區羅斯福路三段136號,臺北市中正區林興里20鄰羅斯福路三段136號,121.528153,25.020439
124,臺北市萬華區雙園里1鄰艋舺大道194號,臺北市萬華區雙園里3鄰艋舺大道194號,121.499795,25.032561
125,臺北市北投區福興里3鄰承德路七段32巷3弄,臺北市北投區福興里6鄰承德路七段32巷3弄17號,121.510605,25.111954
126,臺北市中山區林森北路442-1號,臺北市中山區聚葉里13鄰林森北路442之1號,121.525464,25.060642
127,臺北市北投區榮華里1鄰天母西路120巷43號,臺北市北投區榮華里1鄰天母西路120巷43號,121.522654,25.118054
128,臺北市萬華區雙園里11鄰莒光路328號,臺北市萬華區雙園里11鄰莒光路328號,121.497495,25.031248
129,臺北市松山區中崙里3鄰復興南路一段47巷9弄9號,臺北市松山區中崙里3鄰復興南路一段47巷9弄9號,121.544613,25.045294
130,臺北市松山區慶城街45號,臺北市松山區松基里16鄰慶城街48號,121.546893,25.055143
131,臺北市松山區復源里6鄰光復南路46巷36號,臺北市松山區復源里6鄰光復南路46巷36號,121.554654,25.045734
132,臺北市中正區頂東里3鄰羅斯福路三段74之1號,臺北市中正區頂東里3鄰羅斯福路三段74之1號,121.526256,25.022079
133,臺北市中山區中央里12鄰建國北路二段68號,臺北市中山區中央里12鄰建國北路二段68號,121.53646,25.054478
134,臺北市中正區廈安里8鄰汀州路一段78號,臺北市中正區廈安里8鄰汀州路一段78號,121.506125,25.031126
135,臺北市松山區吉祥里20鄰光復北路85巷23號,臺北市松山區吉祥里20鄰光復北路85巷23號,121.559048,25.050585
136,臺北市中山區力行里19鄰遼寧街101巷31之2號,臺北市中山區力行里19鄰遼寧街101巷31之2號,121.543334,25.050871
137,臺北市中山區興亞里18鄰松江路108巷20之1號,臺北市中山區興亞里18鄰松江路108巷20之1號,121.530739,25.051358
138,臺北市中山區力行里28鄰南京東路三段12號,臺北市中山區力行里28鄰南京東路三段12號,121.537436,25.051791
139,臺北市文山區興光里3鄰興德路47巷25號,臺北市文山區興光里3鄰興德路47巷25號,121.555398,25.001217
140,臺北市中正區忠勤里26鄰南海路83號,臺北市中正區忠勤里26鄰南海路83號,121.508343,25.028877
141,臺北市南港區重陽路449號,臺北市南港區三重里2鄰重陽路449號,121.610111,25.059439
142,臺北市中正區建國里3鄰愛國西路9號,臺北市中正區建國里3鄰愛國西路9號,121.507831,25.037268
143,臺北市中正區光復里8鄰博愛路109之1號,臺北市中正區光復里8鄰博愛路109之1號,121.511605,25.042558
144,臺灣臺北市大同區涼州街10號,臺北市大同區延平里3鄰涼州街30號,121.512648,25.060625
145,臺北市中山區新生里14鄰中原街113號,臺北市中山區新生里14鄰中原街113號,121.529039,25.061886
146,臺北市文山區指南里17鄰指南路三段103號,臺北市文山區指南里17鄰指南路三段103號,121.581052,24.982524
147,臺北市北投區大興街、清江路口,臺北市北投區中央里16鄰大興街18號,121.498262,25.129809
148,臺北市士林區芝山里8鄰德行東路336號,臺北市士林區芝山里8鄰德行東路336號,121.537728,25.110257
149,臺北市內湖區內湖里1鄰內湖路二段285號,臺北市內湖區內湖里1鄰內湖路二段285號,121.59068,25.082433
150,臺北市內湖區金龍里11鄰金龍路67巷10號,臺北市內湖區金龍里11鄰金龍路67巷10號,121.592778,25.085947
151,臺北市大安區民炤里9鄰新生南路一段161巷4之13號,臺北市大安區民炤里9鄰新生南路一段161巷4之13號,121.533731,25.034551
152,臺北市大安區芳和里15鄰和平東路三段212巷43之2號,臺北市大安區芳和里15鄰和平東路三段212巷43之2號,121.553199,25.021348
153,臺北市中正區板溪里2鄰南昌路二段137號,臺北市中正區板溪里2鄰南昌路二段137號,121.522189,25.026042
154,臺北市中正區板溪里3鄰南昌路二段134號,臺北市中正區板溪里3鄰南昌路二段134號,121.522648,25.025442
155,臺北市大安區民炤里16鄰新生南路一段161巷32號,臺北市大安區民炤里16鄰新生南路一段161巷32號,121.536156,25.0345
156,臺北市中正區螢圃里4鄰汀州路二段95號,臺北市中正區螢圃里4鄰汀州路二段95號,121.518142,25.025351
157,臺北市信義區雅祥里基隆路一段89號,臺北市信義區雅祥里基隆路一段89號,121.5652301,25.046161
158,臺北市中正區水源里4鄰羅斯福路四段170號,臺北市中正區水源里4鄰羅斯福路四段170號,121.536314,25.012255
159,臺北市大安區古風里9鄰泰順街60巷18弄6號,臺北市大安區古風里9鄰泰順街60巷18弄6號,121.529781,25.022068
160,臺北市大安區龍淵里25鄰和平東路二段76巷17弄3號,臺北市大安區龍淵里25鄰和平東路二段76巷17弄3號,121.540055,25.023413
161,臺北市大安區龍淵里25鄰和平東路二段76巷17弄3之1號,臺北市大安區龍淵里25鄰和平東路二段76巷17弄3之1號,121.540145,25.023354
162,臺北市中正區水源里4鄰羅斯福路四段170號,臺北市中正區水源里4鄰羅斯福路四段170號,121.536314,25.012255
163,臺灣臺北市中山區雙城街23-1號,臺北市中山區恆安里7鄰雙城街5之1號,121.524455,25.063585
164,臺北市士林區富光里11鄰葫蘆街30巷26號,臺北市士林區富光里11鄰葫蘆街30巷26號,121.509953,25.08067
165,臺北市大同區永樂里16鄰南京西路267號,臺北市大同區永樂里16鄰南京西路267號,121.509562,25.053398
166,臺北市文山區景行里19鄰景後街190之1號,臺北市文山區景行里19鄰景後街190之1號,121.541711,24.990058
167,臺北市內湖區東湖里20鄰康樂街136巷30弄11之1號,臺北市內湖區東湖里20鄰康樂街136巷30弄11之1號,121.617153,25.072141
168,臺北市信義區永吉路19號,臺北市信義區雅祥里7鄰永吉路19號,121.567981,25.045901
169,臺灣臺北市文山區萬芳路28號,臺北市文山區萬芳里33鄰萬芳路28號,121.570393,24.996293
170,臺北市文山區景行里4鄰羅斯福路六段455巷18號,臺北市文山區景行里4鄰羅斯福路六段455巷18號,121.540533,24.990019
171,臺北市大安區龍生里11鄰瑞安街155巷11號,臺北市大安區龍生里11鄰瑞安街155巷11號,121.539548,25.026071
172,臺灣臺北市大安區大安路二段80號,臺北市大安區住安里8鄰大安路二段80號,121.545821,25.031641
173,臺北市北投區榮光里14鄰石牌路一段166巷91之1號,臺北市北投區榮光里14鄰石牌路一段166巷91之1號,121.515113,25.112456
174,臺北市大同區國順里4鄰迪化街二段172巷11號,臺北市大同區國順里4鄰迪化街二段172巷11號,121.509952,25.067228
175,臺灣臺北市松山區八德路四段480號,臺北市松山區慈祐里14鄰八德路四段480號,121.570072,25.049572
176,臺北市內湖區港墘里20鄰瑞光路358巷30弄2之1號,臺北市內湖區港墘里20鄰瑞光路358巷30弄2之1號,121.572288,25.076501
177,臺灣臺北市中正區漢口街一段69號1樓,臺北市中正區光復里3鄰漢口街一段69號,121.511975,25.045238
178,臺北市北投區裕民里24鄰裕民六路111號,臺北市北投區裕民里24鄰裕民六路111號,121.517374,25.114733
179,臺北市中正區板溪里6鄰牯嶺街95巷8號,臺北市中正區板溪里6鄰牯嶺街95巷8號,121.519703,25.025987
180,臺灣臺北市信義區和平東路三段195號,臺北市信義區黎平里1鄰和平東路三段195號,121.553505,25.023693
181,臺北市文山區景中街18號,臺北市文山區景華里1鄰景中街19號,121.542118,24.993036
182,臺北市信義區五常里5鄰永吉路225巷4弄1號,臺北市信義區五常里5鄰永吉路225巷4弄1號,121.574146,25.046185
183,臺北市中山區恆安里3鄰中山北路二段183巷4之12號,臺北市中山區恆安里3鄰中山北路二段183巷4之12號,121.523773,25.063663
184,臺北市文山區景華里2鄰羅斯福路六段311號,臺北市文山區景華里2鄰羅斯福路六段311號,121.541376,24.994002
185,臺北市松山區安平里17鄰南京東路五段291巷29弄29號,臺北市松山區安平里17鄰南京東路五段291巷29弄29號,121.567066,25.05293
186,臺北市大同區民權里24鄰民權西路136號,臺北市大同區民權里24鄰民權西路136號,121.516409,25.06275
187,臺北市北投區中庸里1鄰雙全街8號,臺北市北投區中庸里1鄰雙全街8號,121.501222,25.139095
188,臺北市北投區豐年里11鄰中央北路二段215號,臺北市北投區豐年里11鄰中央北路二段215號,121.492063,25.138103
189,臺北市中正區漢口街一段77號,臺北市中正區光復里3鄰漢口街一段73之2號,121.511797,25.045241
190,臺北市大同區重慶里15鄰承德路三段332號,臺北市大同區重慶里15鄰承德路三段332號,121.519851,25.075049
191,臺北市大安區群賢里13鄰四維路216巷6之3號,臺北市大安區群賢里13鄰四維路216巷6之3號,121.547535,25.025872
192,臺北市內湖區週美里8鄰新明路413巷1弄6號,臺北市內湖區週美里8鄰新明路413巷1弄6號,121.581582,25.054822
193,臺北市中正區龍興里13鄰和平西路二段98巷12號,臺北市中正區龍興里13鄰和平西路二段98巷12號,121.510443,25.028759
194,臺北市中正區龍興里6鄰和平西路二段98巷11之1號,臺北市中正區龍興里6鄰和平西路二段98巷11之1號,121.51034,25.029115
195,臺北市中正區龍興里4鄰和平西路二段70巷8之2號,臺北市中正區龍興里4鄰和平西路二段70巷8之2號,121.511348,25.028711
196,臺北市大同區朝陽里1鄰延平北路一段139號,臺北市大同區朝陽里1鄰延平北路一段139號,121.511914,25.053267
197,臺北市大同區玉泉里6鄰延平北路一段66巷8號,臺北市大同區玉泉里6鄰延平北路一段66巷8號,121.51152,25.051538
198,臺北市中山區吉林路188號,臺北市中山區中原里11鄰吉林路188號,121.530081,25.057804
199,臺北市北投區育仁路10號號旁,臺北市北投區大同里8鄰育仁路10號,121.498617,25.132719
200,臺北市中山區正得里5鄰中山北路一段33巷37號,臺北市中山區正得里5鄰中山北路一段33巷37號,121.523484,25.048459
201,臺北市中正區重慶南路二段80號,臺北市中正區龍光里6鄰重慶南路二段80號,121.514799,25.030529
202,臺北市南港區三重里16鄰南港路一段32號,臺北市南港區三重里16鄰南港路一段32號,121.617622,25.05533
203,臺北市中山區力行里2鄰復興北路26號,臺北市中山區力行里2鄰復興北路26號,121.543678,25.048904
204,臺北市中山區中原里15鄰吉林路170號,臺北市中山區中原里15鄰吉林路170號,121.530064,25.056873
205,臺北市南港區東新里20鄰向陽路120巷2弄20號,臺北市南港區東新里20鄰向陽路120巷2弄20號,121.596542,25.054722
206,臺北市南港區東新里20鄰向陽路120巷2弄20號,臺北市南港區東新里20鄰向陽路120巷2弄20號,121.596542,25.054722
207,臺北市內湖區週美里27鄰行善路281巷19弄12號,臺北市內湖區週美里27鄰行善路281巷19弄12號,121.584733,25.061593
208,臺北市內湖區行善路295號,臺北市內湖區週美里27鄰行善路295號,121.584458,25.061976
209,臺北市北投區大業路520號,臺北市北投區大同里4鄰大業路520號,121.496717,25.134846
210,臺北市內湖區行善路281巷,臺北市內湖區週美里24鄰行善路281巷32號,121.584001,25.060635
211,臺北市北投區建民里10鄰文林北路75巷69號,臺北市北投區建民里10鄰文林北路75巷69號,121.517263,25.103325
212,臺北市大同區建功里19鄰鄭州路83巷11號,臺北市大同區建功里19鄰鄭州路83巷11號,121.51275,25.050142
213,臺北市北投區奇岩里1鄰三合街一段82巷116號,臺北市北投區奇岩里1鄰三合街一段82巷116號,121.504788,25.129334
214,臺北市中山區成功里14鄰敬業三路161巷59號,臺北市中山區成功里14鄰敬業三路161巷59號,121.554603,25.079373
215,臺北市北投區奇岩里1鄰三合街一段82巷119號,臺北市北投區奇岩里1鄰三合街一段82巷119號,121.504209,25.129718
216,臺北市中山區復華里20鄰長春路258巷27號,臺北市中山區復華里20鄰長春路258巷27號,121.539132,25.053754
217,臺北市內湖區港華里7鄰港墘路8號,臺北市內湖區港華里7鄰港墘路8號,121.577687,25.083548
218,臺北市大安區龍安里8鄰青田街11巷8之1號,臺北市大安區龍安里8鄰青田街11巷8之1號,121.53274,25.02689
219,臺北市文山區政大一街239號,臺北市文山區政大里9鄰政大一街239號,121.585081,24.986466
220,臺北市內湖區成功路二段317巷1-17號,臺北市內湖區寶湖里27鄰成功路二段317巷1號,121.590852,25.069858
221,臺北市中山區民安里18鄰中山北路二段66號,臺北市中山區民安里18鄰中山北路二段66號,121.522585,25.056757
222,臺北市中正區永昌里15鄰詔安街240號,臺北市中正區永昌里15鄰詔安街240號,121.509122,25.02689
223,臺北市士林區義信里1鄰基河路15號,臺北市士林區義信里1鄰基河路15號,121.524837,25.087038
224,臺北市士林區承德里2鄰承德路四段88號,臺北市士林區承德里2鄰承德路四段88號,121.523055,25.082706
225,臺北市士林區福中里5鄰福港街212號,臺北市士林區福中里5鄰福港街212號,121.517549,25.085809
226,臺北市士林區承德路四段72號,臺北市士林區承德里20鄰承德路四段73之1號,121.523563,25.081821
227,臺北市大同區保安里15鄰哈密街68巷18號,臺北市大同區保安里15鄰哈密街68巷18號,121.518233,25.073288
228,臺北市大安區民輝里17鄰新生南路一段97巷1號,臺北市大安區民輝里17鄰新生南路一段97巷1號,121.533842,25.041231
229,臺北市萬華區福星里14鄰漢口街二段53巷17號,臺北市萬華區福星里14鄰漢口街二段53巷17號,121.506433,25.046384
230,臺北市大同區民權里8鄰民權西路160巷26弄88號,臺北市大同區民權里8鄰民權西路160巷26弄88號,121.514894,25.061596
231,臺北市大同區雙連里12鄰承德路二段147號,臺北市大同區雙連里12鄰承德路二段147號,121.51839,25.057915
232,臺北市萬華區和德里5鄰興義街17號,臺北市萬華區和德里5鄰興義街17號,121.492431,25.027152
233,臺北市萬華區青山里4鄰環河南路二段31號,臺北市萬華區青山里4鄰環河南路二段31號,121.49768,25.039051
234,臺北市大安區民炤里14鄰建國南路一段304巷55號,臺北市大安區民炤里14鄰建國南路一段304巷55號,121.535,25.035292
235,臺北市中山區大直里5鄰大直街94巷1弄7號,臺北市中山區大直里5鄰大直街94巷1弄7號,121.547897,25.084699
236,臺北市萬華區雙園里12鄰莒光路260號,臺北市萬華區雙園里12鄰莒光路260號,121.499163,25.031296
237,臺北市內湖區內湖路一段741號,臺北市內湖區港富里4鄰內湖路一段741號,121.578501,25.078945
238,臺北市北投區建民里1鄰文林北路16巷25號,臺北市北投區建民里1鄰文林北路16巷25號,121.519732,25.105295
239,臺北市大安區古莊里10鄰羅斯福路二段111號,臺北市大安區古莊里10鄰羅斯福路二段111號,121.524632,25.02447
240,臺北市士林區基河路151號1樓,臺北市士林區義信里5鄰基河路151號,121.523579,25.08877
241,臺北市士林區舊佳里19鄰中正路248號,臺北市士林區舊佳里19鄰中正路248號,121.524967,25.095265
242,臺北市士林區葫東里9鄰重慶北路四段222號,臺北市士林區葫東里9鄰重慶北路四段222號,121.511467,25.085867
243,臺北市大安區羅斯福路三段283巷21弄7號,臺北市大安區羅斯福路三段283巷21弄7號,121.5287862,25.019966
244,臺北市北投區承德路六段文承路口,臺北市北投區建民里20鄰承德路六段335之2號,121.511246,25.104156
245,臺北市北投區立農里17鄰立農街一段257巷7弄7號,臺北市北投區立農里17鄰立農街一段257巷7弄7號,121.505201,25.1204
246,臺北市中山區民生東路二段93巷15號,臺北市中山區中庄里18鄰民生東路二段93巷15號,121.531057,25.058623
247,臺北市大安區古風里6鄰羅斯福路三段159號,臺北市大安區古風里6鄰羅斯福路三段177號,121.527878,25.021249
248,臺北市大安區古風里6鄰羅斯福路三段159號,臺北市大安區古風里6鄰羅斯福路三段177號,121.527878,25.021249
249,臺北市大安區文昌街257號,臺北市大安區通化里8鄰文昌街258之1號,121.556122,25.032188
250,臺北市大安區和安里8鄰信義路三段147巷11弄15之1號,臺北市大安區和安里8鄰信義路三段147巷11弄15之1號,121.542477,25.034808
251,臺北市大安區臥龍街296號,臺北市大安區黎和里14鄰臥龍街296號,121.559295,25.016843
252,臺北市大安區通安里7鄰通化街38巷9號,臺北市大安區通安里7鄰通化街38巷9號,121.553715,25.030982
253,臺北市大安區大學里14鄰羅斯福路三段283巷21弄7號,臺北市大安區大學里14鄰羅斯福路三段283巷21弄7號,121.531312,25.019936
254,臺北市大安區芳和里1鄰樂業街118巷11號,臺北市大安區芳和里1鄰樂業街118巷11號,121.551742,25.020538
255,臺北市大安區羅斯福路三段283巷,臺北市大安區大學里24鄰羅斯福路三段283巷12之2號,121.531702,25.018384
256,臺北市大安區福住里6鄰永康街17巷17號,臺北市大安區福住里6鄰永康街17巷17號,121.530489,25.032387
257,臺灣臺北市大安區潮州街97號,臺北市大安區錦安里5鄰潮州街97號,121.527126,25.028817
258,臺北市大安區大安路一段206巷15號,臺北市大安區仁慈里7鄰大安路一段206巷17之1號,121.544739,25.034817
259,臺北市大安區復興南路二段55號,臺北市大安區住安里2鄰復興南路二段55號,121.54376,25.03094
260,臺北市北投區大同街105號,臺北市北投區大同里2鄰大同街105號,121.498366,25.134446
261,臺北市大同區延平北路一段152號,臺北市大同區永樂里6鄰延平北路一段152號,121.511658,25.053763
262,臺北市內湖區成功路四段61巷53-55號,臺北市內湖區紫星里1鄰成功路四段61巷53號,121.593779,25.079758
263,臺北市萬華區糖廍里3鄰大理街135號,臺北市萬華區糖廍里3鄰大理街135號,121.497316,25.034279
264,臺北市中山區金泰里14鄰植福路189號,臺北市中山區金泰里14鄰植福路189號,121.55991,25.083745
265,臺北市北投區福興里7鄰石牌路一段58巷36號,臺北市北投區福興里7鄰石牌路一段58巷36號,121.512095,25.112787
266,臺北市文山區景福街220號,臺北市文山區景慶里5鄰景福街220號,121.538768,24.993858
267,臺北市士林區天母里7鄰中山北路七段141巷17之4號,臺北市士林區天母里7鄰中山北路七段141巷17之4號,121.530296,25.122869
268,臺北市北投區裕民四路2巷,臺北市北投區振華里17鄰裕民四路2巷24號,121.516161,25.114602
269,臺北市士林區天和里3鄰天母東路105巷9弄6號,臺北市士林區天和里3鄰天母東路105巷9弄6號,121.535957,25.119157
270,臺北市北投區永欣里15鄰石牌路二段315巷33之1號,臺北市北投區永欣里15鄰石牌路二段315巷33之1號,121.521923,25.123822
271,臺北市中山區雙城街32巷15號,臺北市中山區晴光里13鄰雙城街32巷15號,121.52323,25.066338
272,臺北市北投區奇岩里26鄰公舘路376巷6弄6號,臺北市北投區奇岩里26鄰公舘路376巷6弄6號,121.503687,25.123874
273,臺北市文山區保儀路46號,臺北市文山區木新里14鄰保儀路47號,121.568687,24.987542
274,臺北市南港區成福里12鄰東新街170巷21之1號,臺北市南港區成福里12鄰東新街170巷21之1號,121.593219,25.044442
275,臺北市士林區至誠路一段138號,臺北市士林區岩山里6鄰至誠路一段138號,121.534763,25.101635
276,臺北市大安區建安里13鄰敦化南路一段177巷18號,臺北市大安區建安里13鄰敦化南路一段177巷18號,121.550081,25.042988
277,臺北市信義區崇德街161號,臺北市信義區黎順里6鄰崇德街161號,121.557134,25.023848
278,臺北市北投區公舘路243號,臺北市北投區奇岩里10鄰公舘路243號,121.508354,25.126
279,臺北市內湖區東湖里10鄰康樂街110巷6號,臺北市內湖區東湖里10鄰康樂街110巷6號,121.618611,25.070601
280,臺北市中山區集英里9鄰天祥路16號,臺北市中山區集英里9鄰天祥路16號,121.520943,25.060936
281,臺北市萬華區大理街28號,臺北市萬華區富福里8鄰大理街28號,121.50172,25.034559
282,臺北市文山區明興里15鄰秀明路一段7號,臺北市文山區明興里15鄰秀明路一段7號,121.563661,24.989384
283,臺北市萬華區青山里4鄰環河南路二段5巷2號,臺北市萬華區青山里4鄰環河南路二段5巷2號,121.497854,25.039591
284,臺北市中正區幸福里17鄰齊東街82巷43之6號,臺北市中正區幸福里17鄰齊東街82巷43之6號,121.528917,25.042532
285,臺北市內湖區內湖路三段60巷39號,臺北市內湖區碧山里5鄰內湖路三段60巷39號,121.593329,25.088436
286,臺北市大同區承德路二段58號,臺北市大同區光能里9鄰承德路二段59號,121.518393,25.055441
287,臺北市大同區承德路二段58號,臺北市大同區光能里9鄰承德路二段59號,121.518393,25.055441
288,臺北市大同區承德路二段58號,臺北市大同區光能里9鄰承德路二段59號,121.518393,25.055441
289,臺北市文山區富山路5號,臺北市文山區華興里18鄰富山路5號,121.553693,24.988872
290,臺北市內湖區湖元里18鄰新湖二路146巷33號,臺北市內湖區湖元里18鄰新湖二路146巷33號,121.578695,25.063647
291,臺北市北投區三合街一段82巷93-107號,臺北市北投區奇岩里1鄰三合街一段82巷93號,121.504186,25.129019
292,臺北市南港區三重里31鄰經貿二路235巷31號,臺北市南港區三重里31鄰經貿二路235巷31號,121.615731,25.061606
293,臺北市北投區文林北路75巷文林北路175巷,臺北市北投區建民里10鄰文林北路75巷69號,121.517263,25.103325
294,臺北市中山區八德路二段146巷1弄,臺北市中山區埤頭里3鄰八德路二段146巷1弄8號,121.537537,25.04571
295,臺北市內湖區內湖路一段203巷28號,臺北市內湖區西康里16鄰內湖路一段203巷28號,121.563548,25.085068
296,臺北市北投區三合街一段117巷53號,臺北市北投區奇岩里16鄰三合街一段117巷53號,121.50466,25.125126
297,臺北市內湖區寶湖里20鄰民權東路六段210巷43號,臺北市內湖區寶湖里20鄰民權東路六段210巷43號,121.597804,25.065967
298,臺北市中山區下埤里18鄰龍江路429巷16號,臺北市中山區下埤里18鄰龍江路429巷16號,121.541808,25.066769
299,臺北市士林區福志里21鄰福志路86號,臺北市士林區福志里21鄰福志路86號,121.529022,25.098859
300,臺北市信義區和平東路三段463巷,臺北市信義區黎安里9鄰和平東路三段463巷17號,121.559775,25.019024
301,臺北市士林區天玉街40號,臺北市士林區天玉里23鄰天玉街40號,121.529381,25.121123
302,臺北市士林區福志路120號,臺北市士林區福志里22鄰福志路120號,121.527618,25.098507
303,臺北市北投區奇岩里3鄰三合街一段82巷62弄22號,臺北市北投區奇岩里3鄰三合街一段82巷62弄22號,121.505527,25.128477
304,臺北市北投區文林北路131號,臺北市北投區文林里18鄰文林北路132號,121.516801,25.10648
305,臺北市北投區北科路,臺北市北投區建民里15鄰北科路192號,121.513673,25.10713
306,臺北市內湖區樂康里20鄰康樂街136巷18弄19號,臺北市內湖區樂康里20鄰康樂街136巷18弄19號,121.618258,25.071041
307,臺北市內湖區康寧路三段12號,臺北市內湖區葫洲里20鄰康寧路三段12號,121.606714,25.072728
308,臺北市中正區羅斯福路一段29號,臺北市中正區南福里24鄰羅斯福路一段30之2號,121.51898,25.031376
309,臺北市北投區清江里4鄰中央南路一段83號,臺北市北投區清江里4鄰中央南路一段83號,121.501321,25.131148
310,臺北市大安區仁慈里7鄰大安路一段206巷17之1號,臺北市大安區仁慈里7鄰大安路一段206巷17之1號,121.544739,25.034817
311,臺北市大安區仁慈里7鄰信義路四段53巷30號,臺北市大安區仁慈里7鄰信義路四段53巷30號,121.544997,25.034669
312,臺北市內湖區東湖里20鄰康樂街136巷30弄11號,臺北市內湖區東湖里20鄰康樂街136巷30弄11號,121.617189,25.072047
313,臺北市大安區義村里22鄰仁愛路三段143巷24號,臺北市大安區義村里22鄰仁愛路三段143巷24號,121.542957,25.03959
314,臺北市大安區建安里6鄰敦化南路一段161巷46之1號,臺北市大安區建安里6鄰敦化南路一段161巷46之1號,121.551402,25.043389
315,臺北市中正區文北里13鄰金山南路一段53巷1號,臺北市中正區文北里13鄰金山南路一段53巷1號,121.529227,25.039103
316,臺北市中正區文盛里1鄰羅斯福路三段212號,臺北市中正區文盛里1鄰羅斯福路三段212號,121.529537,25.01912
317,臺北市中正區文盛里4鄰羅斯福路三段210巷12之2號,臺北市中正區文盛里4鄰羅斯福路三段210巷12之2號,121.528721,25.018197
318,臺北市中正區文盛里1鄰羅斯福路三段212號,臺北市中正區文盛里1鄰羅斯福路三段212號,121.529537,25.01912
319,臺北市中正區板溪里4鄰南昌路二段92號,臺北市中正區板溪里4鄰南昌路二段92號,121.521724,25.026225
320,臺北市中山區恆安里9鄰雙城街13巷20之1號,臺北市中山區恆安里9鄰雙城街13巷20之1號,121.525073,25.064056
321,臺北市松山區安平里4鄰三民路38號,臺北市松山區安平里4鄰三民路38號,121.563995,25.05328
322,臺北市萬華區福星里15鄰開封街二段69號,臺北市萬華區福星里15鄰開封街二段69號,121.505135,25.047114
323,臺北市文山區華興里20鄰木柵路一段238巷2弄2號,臺北市文山區華興里20鄰木柵路一段238巷2弄2號,121.553641,24.987666
324,臺北市士林區蘭興里11鄰磺溪街88巷10號,臺北市士林區蘭興里11鄰磺溪街88巷10號,121.523957,25.108435
325,臺北市信義區永吉路278巷46號,臺北市信義區五全里16鄰永吉路278巷46號,121.574087,25.044135
326,臺北市內湖區環山路二段26號,臺北市內湖區港華里19鄰環山路二段28之7號,121.572846,25.085946
327,臺北市南港區三重里29鄰三重路41巷37之1號,臺北市南港區三重里29鄰三重路41巷37之1號,121.612844,25.060828
328,臺北市內湖區寶湖里22鄰民權東路六段289巷31號,臺北市內湖區寶湖里22鄰民權東路六段289巷31號,121.601219,25.069382
329,臺北市內湖區港華里19鄰環山路二段50巷14弄5號,臺北市內湖區港華里19鄰環山路二段50巷14弄5號,121.57346,25.088038
330,臺北市士林區福林里16鄰中正路213巷9號,臺北市士林區福林里16鄰中正路213巷9號,121.526687,25.094809
331,臺北市北投區八仙里18鄰中央南路二段28之6號,臺北市北投區八仙里18鄰中央南路二段28之6號,121.500007,25.125426
332,臺北市文山區萬興里4鄰新光路一段66巷3號,臺北市文山區萬興里4鄰新光路一段66巷3號,121.573123,24.990382
333,臺北市內湖區紫雲里22鄰康寧路一段156巷22之2號,臺北市內湖區紫雲里22鄰康寧路一段156巷22之2號,121.593677,25.077826
334,臺北市文山區景行里2鄰景文街46之2號,臺北市文山區景行里2鄰景文街46之2號,121.541186,24.991382
335,臺北市北投區振華里25鄰懷德街66巷22號,臺北市北投區振華里25鄰懷德街66巷22號,121.520763,25.112977
336,臺北市萬華區萬壽里9鄰漢口街二段88號,臺北市萬華區萬壽里9鄰漢口街二段88號,121.504434,25.046139
337,臺北市大同區環河北路一段235號,臺北市大同區大有里16鄰環河北路一段241號,121.508528,25.057451
338,臺北市士林區天山里17鄰中山北路七段114巷7之1號,臺北市士林區天山里17鄰中山北路七段114巷7之1號,121.532864,25.122107
339,臺北市內湖區行善里4鄰新明路428巷2號,臺北市內湖區行善里4鄰新明路428巷2號,121.579381,25.054303
340,臺北市中正區板溪里10鄰牯嶺街95巷68號,臺北市中正區板溪里10鄰牯嶺街95巷68號,121.521202,25.025268
341,臺北市文山區興旺里21鄰福興路106巷37號,臺北市文山區興旺里21鄰福興路106巷37號,121.55015,25.007045
342,臺北市中山區建國北路二段58號,臺北市中山區中央里14鄰建國北路二段58號,121.536441,25.054095
343,臺北市大安區古莊里7鄰浦城街12之1號,臺北市大安區古莊里7鄰浦城街12之1號,121.526663,25.023781
344,臺北市大安區古莊里10鄰羅斯福路二段117巷5號,臺北市大安區古莊里10鄰羅斯福路二段117巷5號,121.525257,25.024501
345,臺北市大同區永樂里6鄰延平北路一段108號,臺北市大同區永樂里6鄰延平北路一段108號,121.511187,25.052865
346,臺北市北投區奇岩里3鄰三合街一段82巷73號,臺北市北投區奇岩里3鄰三合街一段82巷73號,121.50433,25.128602
347,臺北市北投區光明路203號,臺北市北投區光明路203號,121.5010314,25.1360764
348,臺北市萬華區德昌街201號,臺北市萬華區孝德里5鄰德昌街201號,121.493781,25.023399
349,臺北市中山區興亞里22鄰吉林路14巷7之1號,臺北市中山區興亞里22鄰吉林路14巷7之1號,121.529375,25.050622
350,臺北市萬華區福音里9鄰永福街102號,臺北市萬華區福音里9鄰永福街102號,121.502405,25.038845
351,臺北市北投區關渡里1鄰大度路三段301巷22號,臺北市北投區關渡里1鄰大度路三段301巷22號,121.466139,25.122388
352,臺北市大同區雙連里15鄰承德路二段104號,臺北市大同區雙連里15鄰承德路二段104號,121.517955,25.058488
353,臺北市內湖區港墘里9鄰江南街71巷16弄16號,臺北市內湖區港墘里9鄰江南街71巷16弄16號,121.577622,25.075948
354,臺北市大同區國順里7鄰民族西路326號,臺北市大同區國順里7鄰民族西路326號,121.509687,25.068584
355,臺北市大同區延平北路三段5號,臺北市大同區隆和里19鄰延平北路三段5號,121.51127,25.063535
356,臺北市北投區長安里15鄰光明路210號,臺北市北投區長安里15鄰光明路210號,121.503874,25.136044
357,臺北市中山區北安路669號,臺北市中山區大直里14鄰北安路669號,121.549361,25.085054
358,臺北市士林區天壽里14鄰天母西路50巷25號,臺北市士林區天壽里14鄰天母西路50巷25號,121.524991,25.117591
359,臺北市南港區東新里2鄰東明街41號,臺北市南港區東新里2鄰東明街41號,121.60453,25.056163
360,臺北市內湖區瑞陽里4鄰文德路22巷44弄124號,臺北市內湖區瑞陽里4鄰文德路22巷44弄124號,121.5809,25.076027
361,臺北市士林區文林路470號,臺北市士林區舊佳里19鄰文林路470號,121.524537,25.095918
362,臺北市南港區東新里16鄰興南街98號,臺北市南港區東新里16鄰興南街98號,121.59999,25.055388
363,臺北市南港區東新里9鄰東明街123巷26號,臺北市南港區東新里9鄰東明街123巷26號,121.601065,25.055344
364,臺北市南港區東新里19鄰興南街150號,臺北市南港區東新里19鄰興南街150號,121.598844,25.054919
365,臺北市士林區社園里25鄰永平街80巷10號,臺北市士林區社園里25鄰永平街80巷10號,121.505515,25.091519
366,臺北市大同區南京西路227號,臺北市大同區永樂里9鄰南京西路227號,121.5107,25.053934
367,臺北市萬華區頂碩里3鄰艋舺大道100號,臺北市萬華區頂碩里3鄰艋舺大道100號,121.502722,25.033204
368,臺北市中山區中原里1鄰南京東路二段23號,臺北市中山區中原里1鄰南京東路二段23號,121.528854,25.052281
369,臺北市中山區中庄里1鄰民生東路二段3號,臺北市中山區中庄里1鄰民生東路二段3號,121.528129,25.058183
370,臺北市大安區信義路二段220號,臺北市大安區福住里8鄰信義路二段222號,121.531334,25.033435
371,臺北市北投區建民里10鄰文林北路75巷69號,臺北市北投區建民里10鄰文林北路75巷69號,121.517263,25.103325
372,臺北市南港區永吉路555號,臺北市南港區合成里10鄰永吉路555號,121.581579,25.045506
373,臺北市中山區敬業二路70號,臺北市中山區成功里20鄰敬業二路86號,121.55455,25.082245
374,臺北市中正區幸福里4鄰忠孝東路一段84巷2號,臺北市中正區幸福里4鄰忠孝東路一段84巷2號,121.524061,25.044239
375,臺北市大同區隆和里4鄰重慶北路三段40號,臺北市大同區隆和里4鄰重慶北路三段40號,121.513469,25.065335
376,臺北市中山區聚盛里6鄰中山北路二段93巷7之3號,臺北市中山區聚盛里6鄰中山北路二段93巷7之3號,121.523822,25.059417
377,臺北市文山區木新里5鄰開元街48號,臺北市文山區木新里5鄰開元街48號,121.570002,24.989051
378,臺北市中山區德惠街12號,臺北市中山區晴光里14鄰德惠街12號,121.523776,25.06661
379,臺北市松山區中正里28鄰敦化北路120巷28號,臺北市松山區中正里28鄰敦化北路120巷28號,121.547184,25.054023
380,臺北市文山區忠順里17鄰忠順街二段85巷23號,臺北市文山區忠順里17鄰忠順街二段85巷23號,121.565102,24.986301
381,臺北市中山區集英里7鄰錦西街4之5號,臺北市中山區集英里7鄰錦西街4之5號,121.522174,25.06022
382,臺北市北投區承德路七段166號,臺北市北投區吉慶里6鄰承德路七段166號,121.508698,25.113406
383,臺北市士林區文林路679號,臺北市士林區德華里13鄰文林路699號,121.521628,25.101353
384,臺北市中山區朱馥里22鄰長春路285號,臺北市中山區朱馥里22鄰長春路285號,121.541704,25.054731
385,臺北市松山區中正里21鄰復興北路81巷18號,臺北市松山區中正里21鄰復興北路81巷18號,121.544954,25.05113
386,臺北市中正區廈安里1鄰和平西路二段136號,臺北市中正區廈安里1鄰和平西路二段136號,121.50648,25.032202
387,臺北市萬華區糖廍里8鄰和平西路三段274號,臺北市萬華區糖廍里8鄰和平西路三段274號,121.49515,25.035264
388,臺北市內湖區湖興里5鄰成功路二段450號,臺北市內湖區湖興里5鄰成功路二段450號,121.58956,25.071991
389,臺北市大安區古莊里4鄰浦城街4巷6之2號,臺北市大安區古莊里4鄰浦城街4巷6之2號,121.526602,25.024262
390,臺北市北投區清江里9鄰民權街11號,臺北市北投區清江里9鄰民權街11號,121.501536,25.129315
391,臺北市松山區中崙里1鄰復興南路一段1之1號,臺北市松山區中崙里1鄰復興南路一段1之1號,121.54413,25.047256
392,臺北市松山區慈祐里5鄰松河街168號,臺北市松山區慈祐里5鄰松河街168號,121.576441,25.051189
393,臺北市松山區東光里5鄰南京東路五段23巷4號,臺北市松山區東光里5鄰南京東路五段23巷4號,121.558079,25.052053
394,臺北市中山區松江路56號,臺北市中山區興亞里13鄰松江路56號,121.532748,25.048831
395,臺北市中山區中吉里21鄰松江路204巷9號,臺北市中山區中吉里21鄰松江路204巷9號,121.532476,25.057504
396,臺北市南港區東新里13鄰興南街11號,臺北市南港區東新里13鄰興南街11號,121.602744,25.05664
397,臺北市文山區指南里17鄰指南路三段77巷12號,臺北市文山區指南里17鄰指南路三段77巷12號,121.580995,24.982717
398,臺北市文山區指南里17鄰指南路三段77巷12號,臺北市文山區指南里17鄰指南路三段77巷12號,121.580995,24.982717
399,臺北市文山區政大里1鄰指南路二段221號,臺北市文山區政大里1鄰指南路二段221號,121.579683,24.98617
400,臺北市文山區萬興里29鄰新光路一段32巷18號,臺北市文山區萬興里29鄰新光路一段32巷18號,121.572959,24.989115
401,臺北市松山區中正里10鄰敦化北路8號,臺北市松山區中正里10鄰敦化北路8號,121.548559,25.050453
402,臺北市松山區中正里20鄰南京東路三段256巷23號,臺北市松山區中正里20鄰南京東路三段256巷23號,121.544669,25.050646
403,臺北市松山區美仁里4鄰南京東路四段66號,臺北市松山區美仁里4鄰南京東路四段66號,121.554017,25.051435
404,臺北市松山區南京東路四段63號,臺北市松山區東勢里15鄰南京東路四段65號,121.552925,25.051846
405,臺北市松山區美仁里10鄰南京東路四段52巷10號,臺北市松山區美仁里10鄰南京東路四段52巷10號,121.553589,25.050663
406,臺北市大安區義安里6鄰安和路二段32巷31號,臺北市大安區義安里6鄰安和路二段32巷31號,121.550292,25.031825
407,臺北市大安區芳和里4鄰樂業街72巷16號,臺北市大安區芳和里4鄰樂業街72巷16號,121.5501,25.021535
408,臺北市松山區敦化里13鄰敦化南路一段69號,臺北市松山區敦化里13鄰敦化南路一段69號,121.549268,25.045368
409,臺北市大安區臥龍街84號,臺北市大安區臥龍里3鄰臥龍街84號,121.548077,25.020885
410,臺北市大安區龍雲里17鄰四維路170巷5號,臺北市大安區龍雲里17鄰四維路170巷5號,121.547595,25.028286
411,臺北市大安區德安里11鄰敦化南路一段288號,臺北市大安區德安里11鄰敦化南路一段288號,121.54846,25.036552
412,臺北市中正區光復里3鄰博愛路31之1號,臺北市中正區光復里3鄰博愛路31之1號,121.511512,25.045258
413,臺北市大同區民權里4鄰重慶北路二段225號,臺北市大同區民權里4鄰重慶北路二段225號,121.513724,25.061696
414,臺北市大安區泰順街62巷,臺北市大安區古風里13鄰泰順街62巷16號,121.530297,25.021671
415,臺北市文山區樟林里17鄰忠順街一段41巷18號,臺北市文山區樟林里17鄰忠順街一段41巷18號,121.558623,24.984838
416,臺北市文山區樟林里10鄰光輝路134巷12弄1號,臺北市文山區樟林里10鄰光輝路134巷12弄1號,121.55811,24.984618
417,臺北市內湖區清白里31鄰康寧路一段255巷71號,臺北市內湖區清白里31鄰康寧路一段255巷71號,121.59697,25.081686
418,臺北市內湖區寶湖里11鄰民權東路六段180巷42弄10之8號,臺北市內湖區寶湖里11鄰民權東路六段180巷42弄10之8號,121.592254,25.066749
419,臺北市內湖區寶湖里6鄰民權東路六段191巷38弄29號,臺北市內湖區寶湖里6鄰民權東路六段191巷38弄29號,121.597283,25.06908
420,臺北市大安區龍生里7鄰和平東路二段153巷3號,臺北市大安區龍生里7鄰和平東路二段153巷3號,121.541289,25.025503
421,臺北市士林區福佳里4鄰美崙街12號,臺北市士林區福佳里4鄰美崙街12號,121.523409,25.097275
422,臺北市文山區明義里1鄰興隆路四段2號,臺北市文山區明義里1鄰興隆路四段2號,121.559112,24.990447
423,臺北市北投區一德里2鄰中央北路四段30巷10號,臺北市北投區一德里2鄰中央北路四段30巷10號,121.478044,25.135535
424,臺北市內湖區紫陽里22鄰文德路210巷30弄83號,臺北市內湖區紫陽里22鄰文德路210巷30弄83號,121.584058,25.076405
425,臺北市內湖區行善路385號,臺北市內湖區石潭里13鄰行善路385號,121.585603,25.063912
426,臺北市松山區寶清街103號,臺北市松山區安平里27鄰寶清街103之12號,121.568545,25.053131
427,臺北市中山區復華里15鄰南京東路三段89巷15弄2之6號,臺北市中山區復華里15鄰南京東路三段89巷15弄2之6號,121.538683,25.0531
428,臺北市北投區建民里10鄰文承路28號,臺北市北投區建民里10鄰文承路28號,121.514086,25.104683
429,臺北市北投區立賢里5鄰實踐街5巷7號,臺北市北投區立賢里5鄰實踐街5巷7號,121.507304,25.11496
430,臺北市大同區雙連里27鄰重慶北路二段123號,臺北市大同區雙連里27鄰重慶北路二段123號,121.513856,25.05777
431,臺北市萬華區新起里22鄰貴陽街二段17巷17號,臺北市萬華區新起里22鄰貴陽街二段17巷17號,121.505565,25.039974
432,臺北市萬華區仁德里3鄰柳州街13號,臺北市萬華區仁德里3鄰柳州街13號,121.505495,25.039028
433,臺北市南港區重陽路523號,臺北市南港區三重里22鄰重陽路523號,121.613179,25.062501
434,臺北市士林區中山北路六段405巷88號,臺北市士林區天壽里12鄰中山北路六段405巷88號,121.526574,25.117201
435,臺北市中正區延平南路89號,臺北市中正區光復里9鄰延平南路89號,121.510857,25.042939
436,臺北市中山區中吉里13鄰吉林路91號,臺北市中山區中吉里13鄰吉林路91號,121.530275,25.05572
437,臺北市中正區忠孝東路二段102號,臺北市中正區幸市里1鄰忠孝東路二段102號,121.530581,25.042735
438,臺北市士林區重慶北路四段108號,臺北市士林區福順里4鄰重慶北路四段108號,121.512788,25.082843
439,臺北市中山區興亞里23鄰吉林路22巷13號,臺北市中山區興亞里23鄰吉林路22巷13號,121.529297,25.051113
440,臺北市大同區星明里1鄰太原路142之11號,臺北市大同區星明里1鄰太原路142之11號,121.516153,25.054098
441,臺北市士林區芝山里28鄰德行東路258號,臺北市士林區芝山里28鄰德行東路258號,121.534373,25.109603
442,臺北市大同區民生西路298號,臺北市大同區延平里17鄰民生西路297之2號,121.513032,25.057483
443,臺北市北投區溫泉里17鄰民族街43巷13號,臺北市北投區溫泉里17鄰民族街43巷13號,121.506012,25.133793
444,臺北市中山區中山里10鄰民生東路一段18號,臺北市中山區中山里10鄰民生東路一段18號,121.52358,25.057876
445,臺北市南港區新光里10鄰昆陽街180號,臺北市南港區新光里10鄰昆陽街180號,121.593225,25.04821
446,臺北市信義區興隆里2鄰基隆路一段350之33號,臺北市信義區興隆里2鄰基隆路一段350之33號,121.56122,25.036716
447,臺北市萬華區中華路二段484巷,臺北市萬華區新和里27鄰中華路二段484巷14之7號,121.506621,25.026743
448,臺北市北投區中央北路四段541巷3號,臺北市北投區一德里17鄰中央北路四段541巷3號,121.468387,25.127659
449,臺灣臺北市北投區建民路125巷6號,臺北市北投區石牌里13鄰建民路125巷6號,121.517154,25.110139
450,臺北市文山區指南路一段63號,臺北市文山區木新里7鄰指南路一段63號,121.571257,24.98786
451,臺北市北投區永欣里5鄰石牌路二段318號,臺北市北投區永欣里5鄰石牌路二段318號,121.523191,25.119381
452,臺北市北投區福興里3鄰承德路七段90號,臺北市北投區福興里3鄰承德路七段90號,121.510437,25.111781
453,臺北市萬華區環河南路二段59號,臺北市萬華區環河南路二段59號,121.4942234,25.0378823
454,臺北市文山區羅斯福路六段198號,臺北市文山區景慶里1鄰羅斯福路六段198號,121.540873,24.993881
455,臺北市文山區羅斯福路六段198號,臺北市文山區景慶里1鄰羅斯福路六段198號,121.540873,24.993881
456,臺北市北投區稻香里14鄰稻香路168號,臺北市北投區稻香里14鄰稻香路168號,121.488899,25.143712
457,臺北市中山區正義里8鄰林森北路107巷86之2號,臺北市中山區正義里8鄰林森北路107巷86之2號,121.527762,25.049574
458,臺北市中山區中山北路一段83巷12號,臺北市中山區正得里7鄰中山北路一段83巷12號,121.522824,25.050262
459,臺北市萬華區富福里13鄰昆明街289巷15之3號,臺北市萬華區富福里13鄰昆明街289巷15之3號,121.503996,25.036204
460,臺北市中山區永安里31鄰明水路383之1號,臺北市中山區永安里31鄰明水路383之1號,121.54603,25.077922
461,臺北市大同區隆和里6鄰重慶北路三段11號,臺北市大同區隆和里6鄰重慶北路三段11號,121.513887,25.06443
462,臺北市大安區大學里3鄰新生南路三段70巷6號,臺北市大安區大學里3鄰新生南路三段70巷6號,121.53335,25.019687
463,臺北市南港區三重里23鄰松河街770號,臺北市南港區三重里23鄰松河街770號,121.611831,25.061335
464,臺北市信義區崇德街60巷,臺北市信義區黎平里3鄰崇德街60巷14之1號,121.554569,25.023921
465,臺北市士林區福志里13鄰福志路11號,臺北市士林區福志里13鄰福志路11號,121.531809,25.098279
466,臺北市北投區大同里15鄰北投路二段11號,臺北市北投區大同里15鄰北投路二段11號,121.498724,25.130672
467,臺北市文山區博嘉里19鄰和平東路四段390號,臺北市文山區博嘉里19鄰和平東路四段390號,121.574408,24.998346
468,臺北市萬華區西昌街134號,臺北市萬華區富民里3鄰西昌街135之1號,121.500773,25.039857
469,臺北市中山區天祥路61巷,臺北市中山區集英里20鄰天祥路61巷22號,121.521693,25.063296
470,臺北市信義區泰和里19鄰吳興街600巷76弄10號,臺北市信義區泰和里19鄰吳興街600巷76弄10號,121.570555,25.018788
471,臺北市松山區美仁里4鄰南京東路四段52巷3號,臺北市松山區美仁里4鄰南京東路四段52巷3號,121.553724,25.051083
472,臺北市中山區中山里10鄰中山北路二段77巷7號,臺北市中山區中山里10鄰中山北路二段77巷7號,121.523332,25.057569
473,臺北市信義區國業里2鄰松德路89號,臺北市信義區國業里2鄰松德路89號,121.576108,25.038119
474,臺北市信義區安康里19鄰松德路169巷21號,臺北市信義區安康里19鄰松德路169巷21號,121.5758,25.036196
475,臺北市松山區慈祐里15鄰八德路四段598之6號,臺北市松山區慈祐里15鄰八德路四段598之6號,121.572488,25.049748
476,臺北市中山區中吉里14鄰松江路188巷2號,臺北市中山區中吉里14鄰松江路188巷2號,121.532552,25.056728
477,臺北市中山區新生里8鄰松江路330巷24號,臺北市中山區新生里8鄰松江路330巷24號,121.532064,25.061088
478,臺北市中山區中吉里16鄰松江路184巷31號,臺北市中山區中吉里16鄰松江路184巷31號,121.531521,25.056673
479,臺北市北投區奇岩里3鄰三合街一段38號,臺北市北投區奇岩里3鄰三合街一段38號,121.505932,25.127272
480,臺北市松山區慈祐里7鄰松河街76號,臺北市松山區慈祐里7鄰松河街76號,121.574299,25.050795
481,臺北市信義區松勇路69巷1號,臺北市信義區安康里31鄰松勇路69巷1號,121.570075,25.033759
482,臺北市文山區秀明路二段75號,臺北市文山區萬興里22鄰秀明路二段75號,121.576296,24.991793
483,臺北市中正區龍福里20鄰牯嶺街22巷11之1號,臺北市中正區龍福里20鄰牯嶺街22巷11之1號,121.515376,25.03047
484,臺北市大安區永康里7鄰金山南路二段31巷31號,臺北市大安區永康里7鄰金山南路二段31巷31號,121.528593,25.032851
485,臺北市北投區建民里5鄰文林北路60巷23號,臺北市北投區建民里5鄰文林北路60巷23號,121.519094,25.105362
486,臺北市大安區龍坡里18鄰溫州街22巷3之2號,臺北市大安區龍坡里18鄰溫州街22巷3之2號,121.53241,25.023817
487,臺北市中山區康樂里3鄰中山北路二段27巷19號,臺北市中山區康樂里3鄰中山北路二段27巷19號,121.524463,25.053431
488,臺北市信義區忠孝東路五段469號,臺北市信義區富臺里12鄰忠孝東路五段469號,121.577216,25.041034
489,臺北市內湖區寶湖里29鄰民權東路六段180巷70弄29號,臺北市內湖區寶湖里29鄰民權東路六段180巷70弄29號,121.591458,25.066891
490,臺北市大安區新生南路三段16號,臺北市大安區龍坡里5鄰新生南路三段20之3號,121.534437,25.024125
491,臺北市中正區南門里4鄰博愛路224巷8號,臺北市中正區南門里4鄰博愛路224巷8號,121.509885,25.033933
492,臺北市萬華區和德里24鄰西園路二段322號,臺北市萬華區和德里24鄰西園路二段322號,121.492304,25.025997
493,臺北市中山區行孝里1鄰五常街11巷3號,臺北市中山區行孝里1鄰五常街11巷3號,121.538121,25.064526
494,臺北市萬華區新起里17鄰漢中街156號,臺北市萬華區新起里17鄰漢中街156號,121.506658,25.041269
495,臺北市北投區榮華一路8號,臺北市北投區榮華里20鄰榮華一路8號,121.52384,25.111892
496,臺北市大同區延平里10鄰保安街52號,臺北市大同區延平里10鄰保安街52號,121.512753,25.059049
497,臺北市信義區嘉興里14鄰嘉興街175巷6號,臺北市信義區嘉興里14鄰嘉興街175巷6號,121.557578,25.027587
498,臺北市萬華區全德里1鄰萬大路386號,臺北市萬華區全德里1鄰萬大路386號,121.498848,25.022216
499,臺北市士林區社園里3鄰永平街86號,臺北市士林區社園里3鄰永平街86號,121.505149,25.091809
500,臺北市北投區文林北路7號,臺北市北投區建民里2鄰文林北路10之1號,121.519443,25.104351
501,臺北市文山區木柵里19鄰秀明路一段185巷45號,臺北市文山區木柵里19鄰秀明路一段185巷45號,121.569349,24.993317
502,臺北市內湖區南湖里8鄰民權東路六段280巷155弄201號,臺北市內湖區南湖里8鄰民權東路六段280巷155弄201號,121.609483,25.068446
503,臺北市北投區奇岩里26鄰公舘路350巷29號,臺北市北投區奇岩里26鄰公舘路350巷29號,121.504103,25.12406
504,臺北市萬華區東園街30號,臺北市萬華區忠德里3鄰東園街30號,121.495715,25.027099
505,臺北市中正區文北里17鄰杭州南路一段43號,臺北市中正區文北里17鄰杭州南路一段43號,121.526162,25.04107
506,臺北市南港區三重里27鄰園區街32號,臺北市南港區三重里27鄰園區街32號,121.612692,25.059742
507,臺北市大同區民權西路179號,臺北市大同區民權西路179號,121.5132117,25.0631827
508,臺北市大同區蓬萊里11鄰民權西路205號,臺北市大同區蓬萊里11鄰民權西路205號,121.515214,25.063182
509,臺北市大同區民權里6鄰民權西路146號,臺北市大同區民權里6鄰民權西路146號,121.515811,25.062764
510,臺北市松山區鵬程里12鄰延壽街18巷19號,臺北市松山區鵬程里12鄰延壽街18巷19號,121.568552,25.056512
511,臺北市大安區民炤里11鄰信義路三段39號,臺北市大安區民炤里11鄰信義路三段39號,121.534837,25.033757
512,臺北市士林區明勝里1鄰承德路四段1巷25號,臺北市士林區明勝里1鄰承德路四段1巷25號,121.5223,25.078187
513,臺北市大同區延平里13鄰保安街88號,臺北市大同區延平里13鄰保安街88號,121.511601,25.05894
514,臺北市北投區三合街一段38號,臺北市北投區奇岩里3鄰三合街一段38號,121.505932,25.127272
515,臺北市大安區福住里12鄰永康街1號,臺北市大安區福住里12鄰永康街1號,121.529962,25.033284
516,臺北市大安區永康里2鄰麗水街9巷5號,臺北市大安區永康里2鄰麗水街9巷5號,121.528949,25.030619
517,臺北市大同區萬全街1號,臺北市大同區雙連里32鄰萬全街1號,121.520307,25.058817
518,臺北市大同區國順里7鄰民族西路340號,臺北市大同區國順里7鄰民族西路340號,121.509298,25.068587
519,臺北市大同區至聖里29鄰民族西路189之3號,臺北市大同區至聖里29鄰民族西路189之3號,121.514837,25.068729
520,臺北市大同區鄰江里13鄰延平北路四段18號,臺北市大同區鄰江里13鄰延平北路四段18號,121.510774,25.069144
521,臺北市大安區安和路二段59巷,臺北市大安區通安里6鄰安和路二段59巷21號,121.553122,25.031009
522,臺北市大同區承德路一段88號,臺北市大同區建泰里15鄰承德路一段88號,121.517407,25.053027
523,臺北市大安區民輝里17鄰忠孝東路三段46號,臺北市大安區民輝里17鄰忠孝東路三段46號,121.534954,25.041801
524,臺北市大安區民輝里16鄰忠孝東路三段10巷10號,臺北市大安區民輝里16鄰忠孝東路三段10巷10號,121.533424,25.041585
525,臺北市松山區南京東路四段120巷30號,臺北市松山區復勢里3鄰南京東路四段120巷30號,121.554739,25.050042
526,臺北市士林區天母里6鄰中山北路七段81巷16弄5號,臺北市士林區天母里6鄰中山北路七段81巷16弄5號,121.53031,25.122202
527,臺北市南港區聯成里14鄰東新街77巷15弄15號,臺北市南港區聯成里14鄰東新街77巷15弄15號,121.588946,25.047464
528,臺北市文山區興得里26鄰興隆路三段304巷23號,臺北市文山區興得里26鄰興隆路三段304巷23號,121.558167,24.993846
529,臺北市北投區溫泉里9鄰公舘路63巷25號,臺北市北投區溫泉里9鄰公舘路63巷25號,121.505084,25.133493
530,臺北市中山區朱園里7鄰長安東路二段118號,臺北市中山區朱園里7鄰長安東路二段118號,121.536045,25.048303
531,臺北市文山區華興里20鄰木柵路一段238巷12之1號,臺北市文山區華興里20鄰木柵路一段238巷12之1號,121.554083,24.98719
532,臺北市大安區光明里2鄰杭州南路二段25巷39號,臺北市大安區光明里2鄰杭州南路二段25巷39號,121.525197,25.033422
533,臺北市內湖區內湖路三段359號,臺北市內湖區金瑞里18鄰內湖路三段359號,121.583731,25.089292
534,臺北市內湖區金湖里2鄰金湖路363巷51弄21號,臺北市內湖區金湖里2鄰金湖路363巷51弄21號,121.600938,25.073668
535,臺北市士林師大台北市大安區溫州街25旁,臺北市士林區社子街63巷9弄,121.5025765,25.0880426
536,臺北市內湖區石潭里3鄰民權東路六段210巷68號,臺北市內湖區石潭里3鄰民權東路六段210巷68號,121.597464,25.064858
537,臺北市萬華區萬壽里3鄰西寧南路121號,臺北市萬華區萬壽里3鄰西寧南路121號,121.506589,25.044633
538,臺北市信義區信安街168號,臺北市信義區黎平里6鄰信安街168號,121.555342,25.023439
539,臺北市大安區臥龍街268號,臺北市大安區黎和里14鄰臥龍街268號,121.558082,25.017347
540,臺北市大安區龍泉里8鄰和平東路一段188巷1號,臺北市大安區龍泉里8鄰和平東路一段188巷1號,121.530516,25.026074
541,臺北市士林區社新里8鄰社子街63巷9弄10號,臺北市士林區社新里8鄰社子街63巷9弄10號,121.507386,25.087923
542,臺北市內湖區湖濱里20鄰內湖路二段179巷41之2號,臺北市內湖區湖濱里20鄰內湖路二段179巷41之2號,121.586162,25.083974
543,臺北市中正區南福里15鄰重慶南路三段27巷11號,臺北市中正區南福里15鄰重慶南路三段27巷11號,121.516287,25.028777
544,臺北市北投區奇岩里3鄰三合街一段82巷58之1號,臺北市北投區奇岩里3鄰三合街一段82巷58之1號,121.505146,25.128219
545,臺北市南港區萬福里10鄰同德路66巷12號,臺北市南港區萬福里10鄰同德路66巷12號,121.585303,25.045176
546,臺北市南港區成福里18鄰成福路149巷5弄12之3號,臺北市南港區成福里18鄰成福路149巷5弄12之3號,121.587866,25.041823
547,臺北市北投區開明里7鄰中和街252號,臺北市北投區開明里7鄰中和街252號,121.500953,25.139904
548,臺北市中正區幸福里2鄰濟南路一段13巷6號,臺北市中正區幸福里2鄰濟南路一段13巷6號,121.522201,25.042926
549,臺北市文山區景美里15鄰萬慶街37巷21號,臺北市文山區景美里15鄰萬慶街37巷21號,121.538101,24.993234
550,臺北市文山區景美里13鄰育英街79號,臺北市文山區景美里13鄰育英街79號,121.538814,24.992657
551,臺北市文山區景美里13鄰育英街83號,臺北市文山區景美里13鄰育英街83號,121.538877,24.992837
552,臺北市信義區敦厚里10鄰松隆路78號,臺北市信義區敦厚里10鄰松隆路78號,121.569087,25.044439
553,臺北市中山區松江路118號,臺北市中山區興亞里18鄰松江路118號,121.532785,25.051767
554,臺北市松山區敦化北路256號,臺北市松山區民有里24鄰敦化北路256號,121.549903,25.060635
555,臺北市中山區林森北路89號,臺北市中山區正義里4鄰林森北路89號,121.524912,25.049928
556,臺北市北投區東陽街499號,臺北市北投區裕民里6鄰東陽街494號,121.520692,25.112006
557,臺北市中正區東門里6鄰丹陽街37號,臺北市中正區東門里6鄰丹陽街37號,121.524388,25.039401
558,臺北市士林區天玉街27巷27號,臺北市士林區天玉里24鄰天玉街27巷29號,121.528022,25.121862
559,臺北市中正區汀州路三段29號31號,臺北市中正區林興里21鄰汀州路三段29號,121.526619,25.019669
560,臺北市北投區石牌路二段307號,臺北市北投區永欣里13鄰石牌路二段307號,121.522994,25.121562
561,臺北市松山區中華里16鄰敦化北路145巷11號,臺北市松山區中華里16鄰敦化北路145巷11號,121.549809,25.053719
562,臺北市士林區芝山里28鄰德行東路260巷7號,臺北市士林區芝山里28鄰德行東路260巷7號,121.534567,25.109369
563,臺北市中山區力行里30鄰朱崙街11號,臺北市中山區力行里30鄰朱崙街11號,121.537673,25.050193
564,臺北市北投區榮華里11鄰榮華一路2巷2之1號,臺北市北投區榮華里11鄰榮華一路2巷2之1號,121.524203,25.112848
565,臺北市中山區中山北路二段65巷10號,臺北市中山區中山里8鄰中山北路二段65巷10號,121.524052,25.057019
566,臺北市北投區文林北路166巷,臺北市北投區文林里18鄰文林北路166巷3號,121.516144,25.106971
567,臺北市士林區至善路一段118號,臺北市士林區至善路一段118號,121.5358536,25.0974945
568,臺北市中山區中山北路二段91-1號,臺北市中山區中山北路二段91-1號,121.5230563,25.0593617
569,臺北市南港區中坡北路110號,臺北市南港區合成里7鄰中坡北路108號,121.580361,25.048622
570,臺北市內湖區湖濱里24鄰內湖路二段235巷16號,臺北市內湖區湖濱里24鄰內湖路二段235巷16號,121.588832,25.082757
571,臺北市士林區士東路86號,臺北市士林區蘭雅里10鄰士東路86號,121.528797,25.111969
572,臺北市北投區致遠一路一段40號,臺北市北投區石牌里11鄰致遠一路一段40號,121.516593,25.108414
573,臺北市士林區福林里2鄰至善路一段116巷13號,臺北市士林區福林里2鄰至善路一段116巷13號,121.538422,25.096294
574,臺北市中山區中山北路二段91-1號,臺北市中山區聚盛里1鄰中山北路二段91之1號,121.523124,25.059232
575,臺北市中正區羅斯福路三段246號,臺北市中正區文盛里7鄰羅斯福路三段272號,121.531904,25.01681
576,臺北市北投區建民里10鄰文林北路75巷75號,臺北市北投區建民里10鄰文林北路75巷75號,121.517805,25.103321
577,臺北市北投區榮華里10鄰榮華二路23號,臺北市北投區榮華里10鄰榮華二路23號,121.523224,25.113395
578,臺北市士林區天壽里11鄰中山北路六段405巷45弄6之1號,臺北市士林區天壽里11鄰中山北路六段405巷45弄6之1號,121.526199,25.115886
579,臺北市士林區明勝里18鄰承德路四段6巷10號,臺北市士林區明勝里18鄰承德路四段6巷10號,121.521029,25.079149
580,臺北市北投區義理街25號,臺北市北投區永明里1鄰義理街25號,121.515367,25.11684
581,臺北市大同區南芳里11鄰延平北路二段272巷17號,臺北市大同區南芳里11鄰延平北路二段272巷17號,121.510328,25.062145
582,臺北市大同區隆和里4鄰重慶北路三段20號,臺北市大同區隆和里4鄰重慶北路三段20號,121.513452,25.064883
583,臺北市南港區東新街58號,臺北市南港區萬福里1鄰東新街58號,121.585423,25.047523
584,臺北市大安區錦安里16鄰金華街162號,臺北市大安區錦安里16鄰金華街162號,121.530258,25.029686
585,臺北市北投區石牌路一段166巷71號,臺北市北投區榮光里14鄰石牌路一段166巷73號,121.514835,25.112804
586,臺北市中山區朱園里7鄰建國北路一段42號,臺北市中山區朱園里7鄰建國北路一段42號,121.53633,25.04762
587,臺北市中正區詔安街53號,臺北市中正區永功里5鄰詔安街53號,121.511718,25.025666
588,臺北市中正區汀州路二段275號,臺北市中正區頂東里22鄰汀州路二段275號,121.524206,25.022172
589,臺北市文山區試院里1鄰和興路116號,臺北市文山區試院里1鄰和興路116號,121.550169,24.985575
590,臺北市內湖區內湖路二段265號,臺北市內湖區內湖里1鄰內湖路二段265號,121.590337,25.082276
591,臺北市內湖區紫陽里22鄰文德路210巷30弄85號,臺北市內湖區紫陽里22鄰文德路210巷30弄85號,121.584053,25.076288
592,臺北市內湖區港富里21鄰內湖路二段81之1號,臺北市內湖區港富里21鄰內湖路二段81之1號,121.582578,25.079951
593,臺北市內湖區湖濱里31鄰成功路三段146號,臺北市內湖區湖濱里31鄰成功路三段146號,121.58978,25.079868
594,臺北市松山區三民路80巷,臺北市松山區自強里26鄰三民路80巷5號,121.564336,25.056602
595,臺北市士林區福志里20鄰中山北路五段700號,臺北市士林區福志里20鄰中山北路五段700號,121.527586,25.097769
596,臺北市北投區光明路246號1樓,臺北市北投區溫泉里1鄰光明路246號,121.508211,25.136489
597,臺北市內湖區行善里11鄰南京東路六段78號,臺北市內湖區行善里11鄰南京東路六段78號,121.576877,25.054199
598,臺北市中山區行仁里1鄰五常街31號,臺北市中山區行仁里1鄰五常街31號,121.538465,25.064411
599,臺北市北投區清江里5鄰磺港路78號,臺北市北投區清江里5鄰磺港路78號,121.503469,25.131323
600,臺北市北投區中央里8鄰中正街32號,臺北市北投區中央里8鄰中正街32號,121.500727,25.132099
601,臺北市士林區文林路689號,臺北市士林區德華里13鄰文林路699號,121.521628,25.101353
602,臺北市中正區金門街44巷6弄7號,臺北市中正區金門街44巷6弄7號,121.5188707,25.0211792
603,臺北市大同區隆和里4鄰重慶北路三段42號,臺北市大同區隆和里4鄰重慶北路三段42號,121.513471,25.065496
604,臺北市士林區德行里5鄰中山北路六段35巷20號,臺北市士林區德行里5鄰中山北路六段35巷20號,121.524564,25.102938
605,臺北市松山區美仁里8鄰北寧路32巷8號,臺北市松山區美仁里8鄰北寧路32巷8號,121.553126,25.049218
606,臺北市大同區蓬萊里13鄰大龍街46巷9號,臺北市大同區蓬萊里13鄰大龍街46巷9號,121.515534,25.064746
607,臺北市士林區福志里18鄰中山北路五段616號,臺北市士林區福志里18鄰中山北路五段616號,121.527968,25.096468
608,臺北市中正區河堤里19鄰金門街44巷6弄10之2號,臺北市中正區河堤里19鄰金門街44巷6弄10之2號,121.521474,25.020914
609,臺北市士林區中山北路五段716號,臺北市士林區福志里20鄰中山北路五段716號,121.52763,25.098033
610,臺北市內湖區內湖里2鄰內湖路二段301巷1號,臺北市內湖區內湖里2鄰內湖路二段301巷1號,121.590772,25.082822
611,臺北市大安區誠安里10鄰復興南路一段132號,臺北市大安區誠安里10鄰復興南路一段132號,121.543559,25.042807
612,臺北市大安區建國南路一段176號,臺北市大安區義村里11鄰建國南路一段177號,121.537925,25.040707
613,臺北市文山區木柵里13鄰久康街110巷15號,臺北市文山區木柵里13鄰久康街110巷15號,121.568313,24.990088
614,臺北市中山區恆安里15鄰新生北路三段12號,臺北市中山區恆安里15鄰新生北路三段12號,121.527387,25.063348
615,臺北市士林區德華里14鄰文林路718號,臺北市士林區德華里14鄰文林路718號,121.520863,25.102488
616,臺北市北投區立農街一段333號,臺北市北投區立農里15鄰立農街一段333號,121.50748,25.11952
617,臺北市文山區萬有里23鄰三福街79號,臺北市文山區萬有里23鄰三福街79號,121.542872,24.997928
618,臺北市信義區黎順里17鄰基隆路二段201之1號,臺北市信義區黎順里17鄰基隆路二段201之1號,121.553045,25.024443
619,臺北市中正區羅斯福路三段244巷9弄3號,臺北市中正區文盛里5鄰羅斯福路三段244巷9弄3號,121.530235,25.017341
620,臺北市士林區天祿里14鄰中山北路六段754巷7號,臺北市士林區天祿里14鄰中山北路六段754巷7號,121.528948,25.11523
621,臺北市內湖區新豐街與號行善路281巷,臺北市內湖區週美里21鄰新豐街36號,121.582703,25.059822
622,臺北市內湖區南京東路六段387號,臺北市內湖區週美里26鄰南京東路六段387號,121.584834,25.059581
623,臺北市內湖區新豐街與號行善路281巷,臺北市內湖區週美里21鄰新豐街36號,121.582703,25.059822
624,臺北市大安區復興南路一段135巷35號,臺北市大安區光武里24鄰復興南路一段135巷35號,121.545601,25.042769
625,臺北市大安區建安里14鄰敦化南路一段187巷23號,臺北市大安區建安里14鄰敦化南路一段187巷23號,121.550445,25.042666
626,臺北市大安區黎和里7鄰和平東路三段434巷7號,臺北市大安區黎和里7鄰和平東路三段434巷7號,121.559366,25.017472
627,臺北市士林區天母里1鄰中山北路七段190巷27之1號,臺北市士林區天母里1鄰中山北路七段190巷27之1號,121.535207,25.126038
628,臺北市大安區古莊里11鄰羅斯福路三段55號,臺北市大安區古莊里11鄰羅斯福路三段55號,121.525645,25.023197
629,臺北市中正區螢圃里12鄰廈門街81巷51號,臺北市中正區螢圃里12鄰廈門街81巷51號,121.520034,25.024391
630,臺北市士林區三玉里14鄰忠誠路二段21巷21號,臺北市士林區三玉里14鄰忠誠路二段21巷21號,121.531526,25.109575
631,臺北市中山區恆安里3鄰中山北路二段183巷4之12號,臺北市中山區恆安里3鄰中山北路二段183巷4之12號,121.523773,25.063663
632,臺北市中山區新福里1鄰民權東路二段71巷45之1號,臺北市中山區新福里1鄰民權東路二段71巷45之1號,121.531852,25.064364
633,臺北市北投區大業路384號,臺北市北投區中央里16鄰大業路382之1號,121.497506,25.129559
634,臺北市文山區汀州路四段287號,臺北市文山區萬和里13鄰汀州路四段287號,121.535602,25.000758
635,臺北市中正區仁愛路二段74號,臺北市中正區三愛里8鄰仁愛路二段74號,121.529949,25.038029
636,臺北市士林區至善路二段90號,臺北市士林區臨溪里3鄰至善路二段90號,121.546186,25.097688
637,臺北市內湖區安康路20號,臺北市內湖區石潭里4鄰安康路20號,121.593028,25.061779
638,臺北市中正區網溪里9鄰廈門街113巷10之2號,臺北市中正區網溪里9鄰廈門街113巷10之2號,121.51821,25.023353
639,臺北市南港區東新里12鄰興南街64巷26弄12號,臺北市南港區東新里12鄰興南街64巷26弄12號,121.60186,25.055014
640,臺北市士林區前港里16鄰劍潭路57號,臺北市士林區前港里16鄰劍潭路57號,121.520951,25.083907
641,臺北市內湖區石潭里13鄰金莊路92號,臺北市內湖區石潭里13鄰金莊路92號,121.587097,25.063496
642,臺北市北投區三合街一段118巷16號,臺北市北投區奇岩里3鄰三合街一段118巷16號,121.504159,25.127223
643,臺北市中正區南福里1鄰和平西路一段15號,臺北市中正區南福里1鄰和平西路一段15號,121.5213,25.027016
644,臺北市文山區景行里4鄰羅斯福路六段431號,臺北市文山區景行里4鄰羅斯福路六段431號,121.54021,24.990873
645,臺北市中正區和平西路二段96號,臺北市中正區龍興里6鄰和平西路二段96號,121.510794,25.029522
646,臺北市中正區文北里13鄰仁愛路二段43之1號,臺北市中正區文北里13鄰仁愛路二段43之1號,121.528968,25.038471
647,臺北市大同區南芳里11鄰民權西路292巷22號,臺北市大同區南芳里11鄰民權西路292巷22號,121.510443,25.062332
648,臺北市中正區網溪里6鄰廈門街149號,臺北市中正區網溪里6鄰廈門街149號,121.517688,25.021695
649,臺北市北投區文林北路與號文承路交叉口,臺北市北投區文林里15鄰文林北路234之7號,121.514583,25.108808
650,臺北市大安區復興南路二段297-1號,臺北市大安區臥龍里8鄰復興南路二段293之3號,121.543576,25.024591
651,臺北市士林區天福里20鄰天母東路8號,臺北市士林區天福里20鄰天母東路8號,121.531383,25.117709
652,臺北市北投區文林里18鄰文林北路176號,臺北市北投區文林里18鄰文林北路176號,121.515916,25.106928
653,臺北市中山區松江路177號,臺北市中山區中央里2鄰松江路177號,121.533351,25.056239
654,臺北市北投區西安街二段203號,臺北市北投區立農里19鄰西安街二段203號,121.510091,25.11974
655,臺北市內湖區行善路185號,臺北市內湖區週美里21鄰行善路185號,121.581933,25.059626
656,臺北市中山區興亞里10鄰松江路38巷25號,臺北市中山區興亞里10鄰松江路38巷25號,121.53109,25.047636
657,臺北市中山區長安東路一段52巷5號,臺北市中山區長安東路一段52巷5號,121.5254616,25.0476057
658,臺北市萬華區大理街133巷10號,臺北市萬華區糖廍里2鄰大理街133巷11號,121.497288,25.034735
659,臺北市信義區中興里1鄰基隆路二段22號,臺北市信義區中興里1鄰基隆路二段22號,121.558728,25.031936
660,臺北市信義區景聯里4鄰基隆路二段23號,臺北市信義區景聯里4鄰基隆路二段23號,121.559,25.031759
661,臺北市萬華區富福里3鄰康定路257號,臺北市萬華區富福里3鄰康定路257號,121.501258,25.034756
662,臺北市北投區大業路390號,臺北市北投區大同里12鄰大業路390號,121.497242,25.129892
663,臺北市萬華區錦德里3鄰西園路二段261巷14之1號,臺北市萬華區錦德里3鄰西園路二段261巷14之1號,121.492973,25.02533
664,臺北市萬華區日善里7鄰民和街118號,臺北市萬華區日善里7鄰民和街118號,121.497066,25.02531
665,臺北市內湖區東湖路113巷70弄7號,臺北市內湖區東湖里18鄰東湖路113巷70弄7號,121.616131,25.071501
666,臺北市內湖區寶湖里22鄰民權東路六段289巷31號,臺北市內湖區寶湖里22鄰民權東路六段289巷31號,121.601219,25.069382
667,臺北市文山區興旺里22鄰福興路97號,臺北市文山區興旺里22鄰福興路97號,121.549145,25.006205
668,臺北市中山區朱園里7鄰建國北路一段52號,臺北市中山區朱園里7鄰建國北路一段52號,121.536338,25.048022
669,臺北市士林區蘭雅里3鄰忠誠路二段40巷22號,臺北市士林區蘭雅里3鄰忠誠路二段40巷22號,121.529149,25.110303
670,臺北市大安區錦泰里6鄰潮州街55巷12之1號,臺北市大安區錦泰里6鄰潮州街55巷12之1號,121.524116,25.030311
671,臺北市中山區民安里15鄰中山北路二段42巷42號,臺北市中山區民安里15鄰中山北路二段42巷42號,121.520698,25.054627
672,臺北市萬華區西園路一段36號,臺北市萬華區菜園里25鄰西園路一段36號,121.499788,25.04069
673,臺北市萬華區富民里4鄰康定路146號,臺北市萬華區富民里4鄰康定路146號,121.501878,25.039933
674,臺北市大安區誠安里14鄰安東街35巷25號,臺北市大安區誠安里14鄰安東街35巷25號,121.543245,25.044208
675,臺北市內湖區西康里14鄰文湖街21巷116之3號,臺北市內湖區西康里14鄰文湖街21巷116之3號,121.559713,25.091284
676,臺北市松山區安平里11鄰南京東路五段251巷27之2號,臺北市松山區安平里11鄰南京東路五段251巷27之2號,121.565209,25.052848
677,臺北市中山區力行里16鄰南京東路三段194巷10號,臺北市中山區力行里16鄰南京東路三段194巷10號,121.542674,25.051418
678,臺北市中正區梅花里9鄰紹興北街31巷18號,臺北市中正區梅花里9鄰紹興北街31巷18號,121.52605,25.045179
679,臺北市文山區指南里17鄰指南路三段97號,臺北市文山區指南里17鄰指南路三段97號,121.581121,24.982374
680,臺北市南港區昆陽街213號,臺北市南港區新光里10鄰昆陽街192號,121.592755,25.04791
681,臺北市大同區延平里8鄰重慶北路二段150號,臺北市大同區延平里8鄰重慶北路二段150號,121.513469,25.058564
682,臺北市文山區木柵里8鄰木柵路三段51號,臺北市文山區木柵里8鄰木柵路三段51號,121.566261,24.988651
683,臺北市萬華區新起里24鄰貴陽街二段1之2號,臺北市萬華區新起里24鄰貴陽街二段1之2號,121.506882,25.039391
684,臺北市萬華區新起里24鄰貴陽街二段3之1號,臺北市萬華區新起里24鄰貴陽街二段3之1號,121.506652,25.039432
685,臺北市中山區大直里3鄰大直街84巷19號,臺北市中山區大直里3鄰大直街84巷19號,121.547394,25.084927
686,臺北市內湖區港華里19鄰環山路二段50巷14弄14之7號,臺北市內湖區港華里19鄰環山路二段50巷14弄14之7號,121.571603,25.089794
687,臺北市文山區仙岩路16巷36號,臺北市文山區興安里22鄰仙岩路16巷36號,121.549483,24.997464
688,臺北市中山區民生東路三段65巷,臺北市中山區江山里18鄰民生東路三段65巷6號,121.541811,25.058879
689,臺北市信義區泰和里14鄰吳興街600巷25號,臺北市信義區泰和里14鄰吳興街600巷25號,121.569588,25.020992
690,臺北市南港區經貿一路75巷,臺北市南港區三重里17鄰經貿一路77號,121.620992,25.057998
691,臺北市中正區金山南路一段96號,臺北市中正區文祥里11鄰金山南路一段96號,121.527449,25.035883
692,臺北市大安區臥龍街291號,臺北市大安區黎和里10鄰臥龍街291號,121.558269,25.017382
693,臺北市北投區中央北路一段88號,臺北市北投區長安里5鄰中央北路一段90號,121.499859,25.134684
694,臺北市文山區景東里19鄰景華街128巷2弄7號,臺北市文山區景東里19鄰景華街128巷2弄7號,121.547259,24.994935
695,臺北市中山區埤頭里12鄰安東街1之7號,臺北市中山區埤頭里12鄰安東街1之7號,121.542097,25.046285
696,臺北市信義區永春里5鄰忠孝東路五段743巷25號,臺北市信義區永春里5鄰忠孝東路五段743巷25號,121.581001,25.043935
697,臺北市北投區建民里10鄰文林北路75巷69號,臺北市北投區建民里10鄰文林北路75巷69號,121.517263,25.103325
698,臺北市中山區正義里6鄰長安東路一段65巷22號,臺北市中山區正義里6鄰長安東路一段65巷22號,121.527441,25.049123
699,臺北市北投區承德路六段128號,臺北市北投區建民里10鄰承德路六段128號,121.512478,25.103921
700,臺北市南港區成功路一段62號,臺北市南港區西新里8鄰成功路一段62號,121.59262,25.056417
701,臺北市北投區奇岩里16鄰三合街一段99號,臺北市北投區奇岩里16鄰三合街一段99號,121.504623,25.126702
702,臺北市北投區奇岩里16鄰三合街一段99號,臺北市北投區奇岩里16鄰三合街一段99號,121.504623,25.126702
703,臺北市內湖區週美里25鄰新豐街71號,臺北市內湖區週美里25鄰新豐街71號,121.584079,25.06021
704,臺北市內湖區週美里22鄰新豐街19號,臺北市內湖區週美里22鄰新豐街19號,121.582652,25.059272
705,臺北市文山區木新里1鄰木柵路三段220之1號,臺北市文山區木新里1鄰木柵路三段220之1號,121.569667,24.989439
706,臺北市內湖區週美里23鄰行善路181巷37號,臺北市內湖區週美里23鄰行善路181巷37號,121.582421,25.058646
707,臺北市中山區新福里9鄰吉林路329巷15號,臺北市中山區新福里9鄰吉林路329巷15號,121.530936,25.063984
708,臺北市內湖區港富里19鄰內湖路二段103巷34之3號,臺北市內湖區港富里19鄰內湖路二段103巷34之3號,121.580918,25.081637
709,臺北市信義區五常里3鄰永吉路225巷7弄7號,臺北市信義區五常里3鄰永吉路225巷7弄7號,121.574512,25.046751
710,臺北市文山區興豐里20鄰興順街100號,臺北市文山區興豐里20鄰興順街100號,121.545606,25.001329
711,臺北市中正區羅斯福路三段240巷,臺北市中正區文盛里3鄰羅斯福路三段240巷15之1號,121.529264,25.017741
712,臺北市松山區中正里20鄰南京東路三段256巷23號,臺北市松山區中正里20鄰南京東路三段256巷23號,121.544669,25.050646
713,臺北市大同區延平北路二段168號,臺北市大同區大有里19鄰延平北路二段168號,121.511392,25.05815
714,臺北市中山區聚葉里7鄰錦州街11號,臺北市中山區聚葉里7鄰錦州街11號,121.52417,25.060431
715,臺北市士林區德行東路200號,臺北市士林區聖山里9鄰德行東路200號,121.5316,25.108692
716,臺北市松山區光復北路103巷,臺北市松山區吉祥里19鄰光復北路103巷24號,121.558969,25.05084
717,臺北市中山區正得里2鄰中山北路一段33巷10號,臺北市中山區正得里2鄰中山北路一段33巷10號,121.521832,25.04871
718,臺北市大安區正聲里3鄰光復南路260巷26之3號,臺北市大安區正聲里3鄰光復南路260巷26之3號,121.556318,25.040386
719,臺北市中山區正義里2鄰長安東路一段97號,臺北市中山區正義里2鄰長安東路一段97號,121.528884,25.048262
720,臺北市北投區奇岩里3鄰三合街一段82巷71號,臺北市北投區奇岩里3鄰三合街一段82巷71號,121.504389,25.128482
721,臺北市北投區三合街一段110號,臺北市北投區奇岩里3鄰三合街一段110號,121.504358,25.126964
722,臺北市內湖區行善路365號,臺北市內湖區石潭里13鄰行善路365號,121.585545,25.063492
723,臺北市大同區平陽街7號,臺北市大同區星明里4鄰平陽街10號,121.516292,25.055152
724,臺北市北投區自強街32號,臺北市北投區文林里1鄰自強街32號,121.513121,25.110202
725,臺北市南港區舊莊街一段85號,臺北市南港區舊莊里2鄰舊莊街一段85號,121.61914,25.040852
726,臺北市大安區仁慈里17鄰大安路一段176巷7號,臺北市大安區仁慈里17鄰大安路一段176巷7號,121.545533,25.036514
727,臺北市松山區復勢里3鄰南京東路四段120巷32號,臺北市松山區復勢里3鄰南京東路四段120巷32號,121.554739,25.049949
728,臺北市大安區民輝里13鄰新生南路一段97巷38號,臺北市大安區民輝里13鄰新生南路一段97巷38號,121.535946,25.041128
729,臺北市士林區福佳里26鄰基河路302號,臺北市士林區福佳里26鄰基河路302號,121.519052,25.093978
730,臺北市北投區榮光里24鄰致遠一路二段116號,臺北市北投區榮光里24鄰致遠一路二段116號,121.513035,25.113717
731,臺北市北投區開明里25鄰翠嶺路7之1號,臺北市北投區開明里25鄰翠嶺路7之1號,121.505996,25.142709
732,臺北市北投區奇岩里26鄰公舘路352號,臺北市北投區奇岩里26鄰公舘路352號,121.504711,25.123211
733,臺北市北投區建民里10鄰文林北路75巷69號,臺北市北投區建民里10鄰文林北路75巷69號,121.517263,25.103325
734,臺北市萬華區錦德里21鄰寶興街140巷12號,臺北市萬華區錦德里21鄰寶興街140巷12號,121.494528,25.024591
735,臺北市中正區文北里14鄰杭州南路一段71巷3之2號,臺北市中正區文北里14鄰杭州南路一段71巷3之2號,121.526246,25.039702
736,臺北市中正區龍興里11鄰南海路75號,臺北市中正區龍興里11鄰南海路75號,121.508604,25.029299
737,臺北市大同區雙連里9鄰萬全街52之3號,臺北市大同區雙連里9鄰萬全街52之3號,121.519683,25.058544
738,臺北市內湖區內湖里24鄰成功路四段178號,臺北市內湖區內湖里24鄰成功路四段178號,121.593582,25.083355
739,臺北市大同區雙連里27鄰民生西路251號,臺北市大同區雙連里27鄰民生西路251號,121.514661,25.057169
740,臺北市信義區松隆路1號,臺北市信義區敦厚里5鄰松隆路1號,121.566402,25.043503
741,臺北市大安區龍安里2鄰和平東路一段199巷2之4號,臺北市大安區龍安里2鄰和平東路一段199巷2之4號,121.534116,25.026603
742,臺北市大安區青田街6巷,臺北市大安區龍安里15鄰青田街6巷4之11號,121.531571,25.028008
743,臺灣臺北市文山區木柵路一段303號,臺北市文山區華興里25鄰木柵路一段303號,121.554432,24.988235
744,臺北市士林區明勝里18鄰承德路四段2巷21號,臺北市士林區明勝里18鄰承德路四段2巷21號,121.520326,25.079321
745,臺北市士林區忠誠路二段98巷7弄2號,臺北市士林區天祿里3鄰忠誠路二段98巷7弄2號,121.53012,25.113251
746,臺北市文山區興業里19鄰辛亥路五段56號,臺北市文山區興業里19鄰辛亥路五段56號,121.553779,24.999583
747,臺北市北投區清江里8鄰清江路91巷18號,臺北市北投區清江里8鄰清江路91巷18號,121.502185,25.129733
748,臺北市中正區詔安街88號,臺北市中正區永功里5鄰詔安街88號,121.512082,25.025417
749,臺北市南港區經貿二路255巷58號,臺北市南港區三重里21鄰經貿二路255巷58號,121.615014,25.0626
750,臺北市萬華區環河南路二段43號,臺北市萬華區青山里8鄰環河南路二段47號,121.496964,25.038138
751,臺北市大同區雙連里29鄰寧夏路94號,臺北市大同區雙連里29鄰寧夏路94號,121.514967,25.058608
752,臺北市信義區松仁路136號,臺北市信義區三張里34鄰松仁路136號,121.567927,25.032188
753,臺北市內湖區內湖路三段209號,臺北市內湖區碧山里18鄰內湖路三段209號,121.58793,25.088443
754,臺北市中山區力行里28鄰建國北路一段73號,臺北市中山區力行里28鄰建國北路一段73號,121.53715,25.051293
755,臺北市南港區三重路39號旁,臺北市南港區三重里9鄰三重路39號,121.614093,25.059543
756,臺北市南港區重陽路21號,臺北市南港區重陽里10鄰重陽路21號,121.595403,25.055689
757,臺北市北投區桃源里10鄰中央北路三段142號,臺北市北投區桃源里10鄰中央北路三段142號,121.482947,25.137297
758,臺北市松山區延壽街105號,臺北市松山區富泰里1鄰延壽街105號,121.565738,25.057144
759,臺北市北投區公舘路326巷5號,臺北市北投區奇岩里20鄰公舘路326巷8號,121.505482,25.124404
760,臺北市內湖區金湖里23鄰金湖路347巷88號,臺北市內湖區金湖里23鄰金湖路347巷88號,121.598887,25.074216
761,臺北市大同區玉泉里10鄰南京西路448號,臺北市大同區玉泉里10鄰南京西路448號,121.508272,25.053398
762,臺北市中正區板溪里6鄰牯嶺街95巷8號,臺北市中正區板溪里6鄰牯嶺街95巷8號,121.519703,25.025987
763,臺北市中山區吉林路316號,臺北市中山區新生里13鄰吉林路316號,121.530141,25.062252
764,臺北市中山區吉林路316號,臺北市中山區新生里13鄰吉林路316號,121.530141,25.062252
765,臺北市中正區螢雪里12鄰水源路165之2號,臺北市中正區螢雪里12鄰水源路165之2號,121.514973,25.02409
766,臺北市文山區興豐里10鄰興隆路二段25巷20之1號,臺北市文山區興豐里10鄰興隆路二段25巷20之1號,121.545682,24.999786
767,臺北市北投區永欣里13鄰石牌路二段315巷6之3號,臺北市北投區永欣里13鄰石牌路二段315巷6之3號,121.522989,25.122212
