p_name,Address,Response_Address,Response_X,Response_Y
30創富,臺北市萬華區康定路84號,臺北市萬華區菜園里12鄰康定路84號,121.50223,25.041989
55TIMELESS,臺北市信義區信義路五段57號,臺北市信義區安康里9鄰信義路五段57號,121.569432,25.033321
有川翩翩,台北士林區舊佳里文林路584號,台北士林區舊佳里文林路584號,121.5226183,25.0981631
曜DC,臺北市內湖區江南街89巷,臺北市內湖區江南街65巷25號之1,121.5755621,25.0771528
華山錄,臺北市中山區長安東路一段52巷,臺北市中山區正守里12鄰長安東路一段52巷10號,121.527835,25.047751
喆美,臺北市文山區景後街及景文街103巷交叉口,臺北市文山區景行里22鄰景後街143巷12號,121.542614,24.990286
BR4,臺北市大安區復興南路一段175號,臺北市大安區仁愛里1鄰復興南路一段175號,121.54398,25.040911
ForestPark吉美富徠,臺北市大安區瑞安街155巷號,臺北市大安區龍生里11鄰瑞安街155巷11號,121.539548,25.026071
H24雲端,臺北市北投區中央南路二段14號,臺北市北投區八仙里4鄰中央南路二段14之2號,121.50022,25.126902
JR羅斯福,臺北市文山區興隆段三小段511地號,台北市文山區萬盛街89號,121.5367861,25.000332
LIVINGMORE,臺北市中山區中山北路二段59巷B01號,臺北市中山區中山里4鄰中山北路二段59巷1號,121.523176,25.055916
LivingMore,臺北市中山區中山北路二段59巷C09號,臺北市中山區中山里4鄰中山北路二段59巷9號,121.523621,25.055907
MAGNOLIA木蘭居B座,臺北市北投區天母西路117巷32弄5號,臺北市北投區永欣里6鄰天母西路117巷32弄5號,121.524705,25.120536
MAGNOLIA木蘭居C座,臺北市北投區天母西路117巷32弄(B-04F)號,臺北市北投區永欣里6鄰天母西路117巷32弄8號,121.524272,25.120018
ONE+,臺北市內湖區康寧路三段187號,臺北市內湖區明湖里10鄰康寧路三段187號,121.611974,25.06997
THEGREENHOUSE,臺北市中山區圓山里中山北路三段號,台北市中山區中山北路三段53號,121.5205643,25.0679542
TWINLINE,臺北市中山區遼寧街105巷36號,臺北市中山區力行里19鄰遼寧街105巷36號,121.543064,25.051079
Vigorlin東門,臺北市中正區信義路2段79巷32號,臺北市中正區文祥里14鄰信義路二段79巷32號,121.526984,25.035976
Vigorlin東門,臺北市中正區信義路2段79巷32號,臺北市中正區文祥里14鄰信義路二段79巷32號,121.526984,25.035976
一心居,臺北市北投區中和里中和街391巷2弄號,臺北市北投區中和里2鄰中和街391巷2弄9號,121.497879,25.142645
一方璞真,臺北市松山區敦化北路4巷25弄(A-2F)號,臺北市松山區中正里8鄰敦化北路4巷25弄18號,121.546289,25.049724
一樹巷,臺北市北投區中和里大屯路7巷C戶號,臺北市北投區中和里10鄰大屯路7巷11之1號,121.499598,25.142325
一豐洲,臺北市北投區奇岩路209巷旁B1棟5樓號,臺北市北投區奇岩里8鄰奇岩路210號,121.508644,25.128347
一青。悠,臺北市北投區溫泉路67號,臺北市北投區溫泉里19鄰溫泉路68之10號,121.504909,25.134969
一頁城中,臺北市中正區衡陽路69號,臺北市中正區光復里8鄰衡陽路69號,121.511767,25.042377
三創爵鼎,臺北市大安區市民大道三段92號,臺北市大安區民輝里19鄰市民大道三段118號,121.533959,25.044947
三悉-磊若,臺北市中山區金泰段122地號,臺北市中山區樂群二路66號,121.5517597,25.0798448
三悉-風昀,臺北市中山區金泰段119-2地號,臺北市中山區樂群二路66號,121.5517597,25.0798448
三發景悅,臺北市北投區奇岩路A2/4+5F號,臺北市北投區奇岩路237號,121.507463,25.1279286
三磐舍紫II,臺北市士林區社中街號,臺北市士林區社中街335號,121.501875,25.0922671
三豐AIT,臺北市內湖區康寧路一段175巷號,臺北市內湖區紫雲里3鄰康寧路一段179號,121.595763,25.078519
三豐長安匯,臺北市大同區市府段二小段0367-0000號,臺北市大同區大有里18鄰民生西路367號,121.510486,25.057005
三豐雲迪,臺北市大同區大有里歸綏街210號,臺北市大同區大有里19鄰歸綏街208之1號,121.511036,25.058192
上城若水,臺北市中山區市民大道三段5號,臺北市中山區正守里1鄰市民大道三段5號,121.53127,25.04613
上城若水,臺北市中山區正守里市民大道三段5號,臺北市中山區正守里1鄰市民大道三段5號,121.53127,25.04613
世心玉,臺北市中山區長安東路一段24-3號,臺北市中山區正守里10鄰長安東路一段24之3號,121.525688,25.048781
世田安,臺北市中山區松江路45巷號,臺北市中山區朱園里15鄰松江路45巷10號,121.533591,25.047889
世界明珠,臺北市南港區南港路二段51號,臺北市南港區東明里2鄰南港路二段59號,121.598849,25.053477
世豐是山,臺北市北投區清江里磺港路C-13F號,臺北市北投區磺港路102-110號,121.5008648,25.1303786
世達懿居,臺北市中正區南昌路二段號,臺北市中正區和平西路一段63號,121.519468,25.028065
中國開發內湖洲子街廠辦大樓案,臺北市內湖區洲子街號,臺北市內湖區洲子街176號,121.5648954,25.0812724
中山Q1,臺北市中山區民權東路一段61-1號,臺北市中山區恆安里7鄰民權東路一段61之1號,121.525052,25.062902
中山TED,臺北市中山區中山北路二段A3戶6樓號,臺北市中山區民安里11鄰中山北路二段24之3號,121.522358,25.053919
中山世紀,臺北市中山區中山段一小段956地號,臺北市中山區中山北路二段123號,121.522245,25.060395
中山北美,臺北市士林區福志里中山北路五段698巷號,臺北市士林區福志里19鄰中山北路五段698巷18號,121.0798471,24.9396434
中山官邸,臺北市中山區民權東路一段11號,臺北市中山區恆安里2鄰民權東路一段15號,121.523436,25.06298
中山富寓,臺北市中山區新生北路149巷32號,臺北市中山區新生里14鄰新生北路二段149巷32號,121.528676,25.061997
中山富御,臺北市中山區中山北路二段175號,臺北市中山區恆安里1鄰中山北路二段175號,121.522769,25.063071
中山晶綻,臺北市中山區長安西路42號,臺北市中山區民安里3鄰長安西路46號,121.520284,25.050049
中山松悅,臺北市中山區長安西路號,臺北市中山區長安西路19巷22弄18號,121.5186758,25.0505705
中山水美,臺北市大同區雙連街8號,臺北市大同區雙連里12鄰雙連街8號,121.51903,25.058022
中山直美,臺北市中山區新生北路二段76巷10號,臺北市中山區新生北路二段76巷10號,121.5244508,25.0574297
中山簡美,臺北市中山區林森北路號,臺北市中山區中山北路二段108號,121.5201428,25.0605475
中山隱,臺北市中山區雙城街25巷13號,臺北市中山區雙城街25巷13號,121.5238428,25.0660591
中山鴻鼎,臺北市中山區中山北路二段98號,臺北市中山區集英里7鄰中山北路二段98號,121.522707,25.059882
中山麗池,臺北市中山區新生北路二段68巷號,臺北市中山區中山里18鄰新生北路二段68巷15號,121.526148,25.05649
中山．吉美,臺北市中山區錦州街30巷號,臺北市中山區聚盛里5鄰錦州街30巷9號,121.524874,25.05956
中工耘翠,臺北市松山區健康路325巷25弄D2-2F號,臺北市松山區鵬程里15鄰健康路325巷25弄2號,121.566997,25.056398
中星仁愛旭,臺北市中正區紹興南街24巷3號,臺北市中正區東門里13鄰紹興南街28之2號,121.523166,25.038001
中正H25,臺北市中正區齊東街70巷號,臺北市中正區幸福里14鄰齊東街70巷17號,121.527844,25.042862
中正城閱.,臺北市萬華區雙園里莒光路347巷號,臺北市萬華區雙園里17鄰莒光路347巷32號,121.496905,25.030076
中正沂凰,臺北市中正區臨沂段2小段290地號,臺北市中正區臨沂街32巷2號,121.5270247,25.0396138
中正藏璽,臺北市中正區羅斯福路一段58巷A2戶1樓號,臺北市中正區南福里23鄰羅斯福路一段58巷28之2號,121.518429,25.030504
中正雋詠,臺北市中正區廈門街99巷號,臺北市中正區網溪里21鄰廈門街99巷6之1號,121.518029,25.023695
中正首賦,臺北市中正區愛國東路88號,臺北市中正區新營里7鄰愛國東路88號,121.519968,25.033351
中正鼎站,臺北市中正區同安街號,臺北市中正區同安街65號,121.5190818,25.0238218
中瑋吾年,臺北市南港區重陽里重陽路39巷號,臺北市南港區重陽里10鄰重陽路39巷66之5號,121.594789,25.056217
中研苑士,臺北市南港區南深路23巷號,臺北市南港區舊莊里16鄰南深路23巷19號,121.621899,25.037696
中研首席,臺北市南港區福山街44巷5號,臺北市南港區中研里7鄰福山街44巷9號,121.61708,25.045342
中研首席,臺北市南港區福山街44巷5號,臺北市南港區中研里7鄰福山街44巷9號,121.61708,25.045342
丰景,臺北市文山區羅斯福路六段304號,臺北市文山區景華里2鄰羅斯福路六段305號,121.541372,24.994115
丰景,臺北市文山區羅斯福路六段304號,臺北市文山區景華里2鄰羅斯福路六段305號,121.541372,24.994115
丹棠MORI,臺北市中山區天津街號,臺北市中山區中山北路一段83巷12號,121.5201957,25.0501715
久云嘉潤日出,臺北市南港區重陽里向陽路號,臺北市南港區向陽路196巷1號,121.5935839,25.0568185
久年慕舍,臺北市萬華區昆明街180號,臺北市萬華區仁德里1鄰昆明街181號,121.504212,25.039487
久年銀座,臺北市大安區和平東路一段167號,臺北市大安區龍安里12鄰和平東路一段167號,121.531718,25.026536
久年長慶,臺北市大同區重慶北路一段67號,臺北市大同區建功里15鄰重慶北路一段67號,121.514141,25.051815
久康青沺,臺北市文山區木柵路三段85巷8弄1號,臺北市文山區木柵里7鄰木柵路三段85巷8弄1號,121.567479,24.989566
亞伯信義雅晑,臺北市信義區永吉路30巷157弄18-22號,臺北市信義區興雅里23鄰永吉路30巷157弄19號,121.569519,25.042366
亞昕敦南,臺北市大安區敦南街103號,臺北市大安區臥龍里3鄰敦南街88號,121.547604,25.020962
京之硯,臺北市大同區酒泉街號,臺北市大同區酒泉街124號,121.5105773,25.0710839
京王,臺北市大同區長安西路140之4號,臺北市大同區建明里8鄰長安西路138之3號,121.517441,25.050685
令和,臺北市北投區奇岩里公館路92巷1弄號,臺北市北投區奇岩里1鄰公舘路92巷1弄19號,121.504741,25.129894
仰士林,臺北市士林區後港街134巷與後港街交叉口號,臺北市士林區前港里7鄰後港街134巷40號,121.520276,25.08678
仰山,臺北市內湖區民權東路六段280巷17號,臺北市內湖區葫洲里4鄰民權東路六段280巷17號,121.605327,25.071784
伊邸,臺北市松山區復興北路501號,臺北市松山區復興北路501號,121.541922,25.0654594
佳元松江,臺北市中山區中庄里民生東路二段127巷7.9號,臺北市中山區中庄里20鄰民生東路二段127巷23號,121.532308,25.059809
佳元當代美術館,臺北市中山區民生東路二段及新生北路二段號,臺北市中山區民生東路二段25號,121.5260392,25.0581406
佳元臨沂,臺北市中正區臨沂街25巷3號,臺北市中正區幸市里4鄰臨沂街25巷4號,121.530652,25.041478
信松廣場,臺北市信義區四育里松隆路號,臺北市信義區松隆路231號,121.5744521,25.0483458
信義CASA,臺北市信義區吳興街524巷號,臺北市信義區惠安里17鄰吳興街524巷20號,121.568123,25.022203
信義Joyce,臺北市信義區松信路號,臺北市信義區市民大道六段108號,121.5699854,25.0491303
信義THE1,臺北市信義區忠孝東路五段423巷號,臺北市信義區長春里12鄰忠孝東路五段423巷26號,121.575447,25.042358
信義VS復興,臺北市大安區信義路四段19巷號,臺北市大安區仁慈里5鄰信義路四段19巷6之3號,121.544368,25.033985
信義WOW,臺北市信義區松隆路9巷30弄號,臺北市信義區敦厚里6鄰松隆路9巷30弄13號,121.567804,25.044429
信義一品,臺北市信義區中坡南路201巷18號,臺北市信義區中行里29鄰中坡南路201巷18號,121.586504,25.041398
信義之森,臺北市信義區信安街103巷A5-3F號,臺北市信義區黎順里3鄰信安街103巷5號,121.556826,25.025303
信義大悅,臺北市信義區東興路B1-4F戶號,臺北市信義區東興路63號,121.5641386,25.0469233
信義好境,臺北市南港區成福路121巷號,臺北市南港區成福里18鄰成福路121巷9號,121.587902,25.042099
信義御邸,臺北市大安區信義路二段66號,臺北市大安區光明里3鄰信義路二段66號,121.526079,25.034372
信義藏豐,臺北市信義區吳興街190巷號,臺北市信義區景勤里3鄰吳興街190巷10之1號,121.562151,25.028178
信義藏豐,臺北市信義區吳興街190巷號,臺北市信義區景勤里3鄰吳興街190巷10之1號,121.562151,25.028178
信義謙石,臺北市士林區天母北路9巷8號,臺北市士林區天玉里5鄰天母北路9巷8號,121.526872,25.119049
信義陶山,臺北市大安區杭州南路二段25巷3號,臺北市大安區光明里2鄰杭州南路二段25巷25號,121.524794,25.033484
信義香禔,臺北市信義區吳興街600巷100弄20號,臺北市信義區泰和里29鄰吳興街600巷100弄20號,121.572241,25.017479
信義麗心,臺北市信義區松隆路42號,臺北市信義區敦厚里8鄰松隆路42號,121.567978,25.043741
僑駿ONARI,臺北市士林區福志里中山北路五段608號,臺北市士林區福志里18鄰中山北路五段616號,121.527968,25.096468
元利信義聯勤-北棟,臺北市大安區建國南路二段57號,臺北市大安區龍圖里6鄰建國南路二段57號,121.538188,25.031783
元利信義聯勤-南棟,臺北市大安區建國南路二段65號,臺北市大安區龍圖里6鄰建國南路二段65號,121.53819,25.031489
元利森活莊園,臺北市文山區木柵路一段號,臺北市文山區試院里29鄰木柵路一段12之1號,121.546204,24.986656
光里蘊,臺北市內湖區週美里行善路號,臺北市內湖區週美里行善路235號,121.578618,25.057917
全坤X101,臺北市信義區信義路四段號,臺北市信義區中興里12鄰信義路四段450巷,121.55842,25.033265
全坤威峰,臺北市萬華區漢中段二小段977地號,臺北市萬華區富福里10鄰大理街1之5號,121.503119,25.034603
全坤富御,臺北市中正區重慶南路三段124巷2號,臺北市中正區螢雪里3鄰重慶南路三段124巷3號,121.516394,25.024495
全坤御大安.,臺北市大安區信義路四段30巷號,臺北市大安區住安里7鄰信義路四段30巷5之1號,121.544715,25.032862
全坤御峰,臺北市大安區樂業街94巷號,臺北市大安區芳和里3鄰樂業街94巷27號,121.550563,25.020605
全坤衡峰,臺北市中正區衡陽路102號,臺北市中正區光復里9鄰衡陽路103號,121.509136,25.042252
全盈信義,臺北市信義區忠孝東路五段790巷22弄17號,臺北市信義區大道里7鄰忠孝東路五段790巷22弄17號,121.582001,25.042366
全陽豐會,臺北市士林區福志里中山北路5段750號,臺北市士林區福志里23鄰中山北路五段736號,121.527285,25.098927
全陽馥,臺北市南港區經貿一路160號,臺北市南港區三重里16鄰經貿一路166號,121.619623,25.057798
八德137,臺北市中山區八德路二段137巷20號,臺北市中山區朱崙里2鄰八德路二段137巷20號,121.537308,25.04716
八方玥,臺北市南港區市民大道八段號,臺北市南港區南港路一段171巷,121.612903,25.05377
公園大院-森活館,臺北市北投區中和街219之2號,臺北市北投區中庸里1鄰中和街219之1號,121.501319,25.139343
公園大院-樂活館,臺北市北投區中和街219-1號,臺北市北投區中庸里1鄰中和街219之1號,121.501319,25.139343
公園首席,臺北市大同區雙連里興城街80號,臺北市大同區雙連里14鄰興城街73之2號,121.517713,25.059557
公園首璽,臺北市文山區木新路二段218巷及158巷交叉口號,臺北市文山區順興里17鄰木新路二段218巷11號,121.567334,24.983961
六德．拾翫,臺北市大安區錦泰里杭州南路二段61巷號,臺北市大安區錦泰里6鄰杭州南路二段61巷11號,121.523007,25.030298
冠德羅斯福,臺北市中正區羅斯福路三段號,台北市中正區羅斯福路三段136號,121.525183,25.023067
冠輝京品,臺北市萬華區艋舺大道198號,臺北市萬華區雙園里1鄰艋舺大道194號,121.499613,25.032702
力方飛,臺北市北投區承德路七段80號,臺北市北投區福興里3鄰承德路七段32巷3弄,121.511329,25.1113
力欣百漾,臺北市中山區林森北路446號,台北市中山區林森北路442-1號,121.52547,25.060675
力麒天沐,臺北市北投區天母西路120巷號,臺北市北投區榮華里1鄰天母西路120巷43號,121.522654,25.118054
力麒御品,臺北市萬華區莒光路315號,臺北市萬華區雙園里11鄰莒光路328號,121.497495,25.031248
勝輝馥敦,臺北市松山區中崙里復興南路一段47巷9弄17號,臺北市松山區中崙里3鄰復興南路一段47巷9弄9號,121.544613,25.045294
勤美璞真城仰,臺北市松山區松基里敦化段一小段45號,台北市松山區慶城街45號,121.546893,25.055143
勤耕延吉,臺北市松山區光復南路46巷36號,臺北市松山區復源里6鄰光復南路46巷36號,121.554654,25.045734
北城‧羅斯福,臺北市中正區羅斯福路三段68號,臺北市中正區頂東里3鄰羅斯福路三段74之1號,121.526256,25.022079
匯泰鴻,臺北市中山區建國北路二段68號,臺北市中山區中央里12鄰建國北路二段68號,121.53646,25.054478
千荷田,臺北市中正區汀州路一段78號,臺北市中正區廈安里8鄰汀州路一段78號,121.506125,25.031126
南京&光北,臺北市松山區光復北路85巷22號,臺北市松山區吉祥里20鄰光復北路85巷23號,121.559048,25.050585
南京富心,臺北市中山區遼寧街101巷A戶4樓號,臺北市中山區力行里19鄰遼寧街101巷31之2號,121.543334,25.050871
南京葒,臺北市中山區松江路108巷22號,臺北市中山區興亞里18鄰松江路108巷20之1號,121.530739,25.051358
南京阿曼,臺北市中山區南京東路三段12號,臺北市中山區力行里28鄰南京東路三段12號,121.537436,25.051791
南京阿曼,臺北市中山區南京東路三段12號,臺北市中山區力行里28鄰南京東路三段12號,121.537436,25.051791
南方莊園,臺北市文山區興光里興德路47巷(B3-18F)號,臺北市文山區興光里3鄰興德路47巷25號,121.555398,25.001217
南海1號苑,臺北市中正區南海路82號,臺北市中正區忠勤里26鄰南海路83號,121.508343,25.028877
南港首善,臺北市南港區重陽路A02棟12F號,台北市南港區重陽路449號,121.610482,25.059828
南風裡,臺北市中正區愛國西路號,臺北市中正區建國里3鄰愛國西路9號,121.50753,25.037482
博愛賦御,臺北市中正區博愛路110號,臺北市中正區光復里8鄰博愛路109之1號,121.511605,25.042558
印涼州,臺北市大同區涼州街號,台灣台北市大同區涼州街10號,121.5156,25.060957
原樹,臺北市中山區中原街112號,臺北市中山區新生里14鄰中原街113號,121.529039,25.061886
原樹,臺北市中山區中原街112號,臺北市中山區新生里14鄰中原街113號,121.529039,25.061886
原禾呈真,臺北市文山區指南路三段103號,臺北市文山區指南里17鄰指南路三段103號,121.581052,24.982524
原禾御,臺北市北投區中央里大興街號,臺北市北投區大興街、清江路口,121.498846,25.12986
原禾賦,臺北市士林區德行東路335號,臺北市士林區芝山里8鄰德行東路336號,121.537728,25.110257
友座君碧,臺北市內湖區內湖路二段285號,臺北市內湖區內湖里1鄰內湖路二段285號,121.59068,25.082433
友座君綻2森鄰,臺北市內湖區金龍路67巷號,臺北市內湖區金龍里11鄰金龍路67巷10號,121.592778,25.085947
友座安森,臺北市大安區新生南路一段161巷與信義路三段31巷路口號,臺北市大安區民炤里9鄰新生南路一段161巷4之13號,121.533731,25.034551
友座臻璽,臺北市大安區和平東路三段212巷42號,臺北市大安區芳和里15鄰和平東路三段212巷43之2號,121.553199,25.021348
古亭匯,臺北市中正區南昌路二段136號,臺北市中正區板溪里2鄰南昌路二段137號,121.522189,25.026042
古亭匯2,臺北市中正區南昌路二段134號,臺北市中正區板溪里3鄰南昌路二段134號,121.522648,25.025442
台北市大安區新生南路一段161巷預售屋,臺北市大安區新生南路一段161巷32號,臺北市大安區民炤里16鄰新生南路一段161巷32號,121.536156,25.0345
台大JIA,臺北市中正區汀州路二段95號,臺北市中正區螢圃里4鄰汀州路二段95號,121.518142,25.025351
台大公館,臺北市文山區溪州街67號,找不到指定的門牌地址。,,
台大學,臺北市中正區羅斯福路四段170號,臺北市中正區水源里4鄰羅斯福路四段170號,121.536314,25.012255
台大新碩,臺北市大安區泰順街60巷18弄6號,臺北市大安區古風里9鄰泰順街60巷18弄6號,121.529781,25.022068
台大龍門,臺北市大安區和平東路二段76巷17弄3號,臺北市大安區龍淵里25鄰和平東路二段76巷17弄3號,121.540055,25.023413
台大龍門-藏閱,臺北市大安區和平東路二段76巷17弄(藏閱D-2F)號,臺北市大安區龍淵里25鄰和平東路二段76巷17弄3之1號,121.540145,25.023354
台太學,臺北市中正區羅斯福路四段170號,臺北市中正區水源里4鄰羅斯福路四段170號,121.536314,25.012255
合矩青山,臺北市中山區晴光里雙城街(B3-3F)號,台灣台北市中山區雙城街23-1號,121.524365,25.06595
合矩青澄,臺北市士林區富光里葫蘆街30巷25號,臺北市士林區富光里11鄰葫蘆街30巷26號,121.509953,25.08067
合砌埕家,臺北市大同區南京西路267號,臺北市大同區永樂里16鄰南京西路267號,121.509562,25.053398
吉吉美,臺北市文山區景後街178號,臺北市文山區景行里19鄰景後街190之1號,121.541711,24.990058
吉祥居,臺北市內湖區康樂街136巷30弄B3棟拾肆樓號,臺北市內湖區東湖里20鄰康樂街136巷30弄11之1號,121.617153,25.072141
吉祥．如藝,臺北市信義區基隆路一段號,台北市信義區永吉路19號,121.56934,25.048824
吉美信義,臺北市文山區萬芳路(萬芳段二小段183-1地號,台灣台北市文山區萬芳路28號,121.570946,24.994944
吉美君悅,臺北市文山區羅斯福路六段455巷號,臺北市文山區景行里4鄰羅斯福路六段455巷18號,121.540533,24.990019
吉美大安森林花園,臺北市大安區瑞安街155巷號,臺北市大安區龍生里11鄰瑞安街155巷11號,121.539548,25.026071
吉美大安花園,臺北市大安區大安路二段號,台灣台北市大安區大安路二段80號,121.546133,25.03149
吉美天悅,臺北市北投區石牌路一段166巷A3棟13樓號,臺北市北投區榮光里14鄰石牌路一段166巷91之1號,121.515113,25.112456
吉美樂河,臺北市大同區迪化街二段172巷號,臺北市大同區國順里4鄰迪化街二段172巷11號,121.509952,25.067228
吉美艾麗,臺北市松山區八德路四段號,台灣台北市松山區八德路四段480號,121.558335,25.04814
吉達國際科技大樓,臺北市內湖區瑞光路358巷30弄2樓號,臺北市內湖區港墘里20鄰瑞光路358巷30弄2之1號,121.572288,25.076501
向陽上冠,臺北市中正區光復里漢口街一段號,台灣台北市中正區漢口街一段69號1樓,121.512066,25.045242
吾上琚,臺北市北投區裕民六路111號,臺北市北投區裕民里24鄰裕民六路111號,121.517374,25.114733
和平官址,臺北市中正區牯嶺街95巷號,臺北市中正區板溪里6鄰牯嶺街95巷8號,121.519703,25.025987
和暘AI,臺北市信義區和平東路三段號,台灣台北市信義區和平東路三段195號,121.553505,25.023693
和暘W,臺北市文山區景中街號,台北市文山區景中街18號,121.541563,24.992792
和暘信邑,臺北市信義區永吉路225巷4弄1號,臺北市信義區五常里5鄰永吉路225巷4弄1號,121.574146,25.046185
和歌誠美,臺北市中山區中山北路二段183巷號,臺北市中山區恆安里3鄰中山北路二段183巷4之12號,121.523773,25.063663
和邦羅斯芙,臺北市文山區羅斯福路六段310號,臺北市文山區景華里2鄰羅斯福路六段311號,121.541376,24.994002
和風悅,臺北市松山區南京東路五段291巷29弄30號,臺北市松山區安平里17鄰南京東路五段291巷29弄29號,121.567066,25.05293
品嘉Whouse,臺北市大同區民權西路129號,臺北市大同區民權里24鄰民權西路136號,121.516409,25.06275
品嘉-箴品序,臺北市北投區雙全街8號,臺北市北投區中庸里1鄰雙全街8號,121.501222,25.139095
品嘉-馥御中央,臺北市北投區中央北路二段215號,臺北市北投區豐年里11鄰中央北路二段215號,121.492063,25.138103
品嘉77,臺北市中正區漢口街一段號,台北市中正區漢口街一段77號,121.514521,25.045086
品嘉傳承,臺北市大同區承德路三段330號,臺北市大同區重慶里15鄰承德路三段332號,121.519851,25.075049
品嘉敦品藏,臺北市大安區四維路216巷號,臺北市大安區群賢里13鄰四維路216巷6之3號,121.547535,25.025872
品嘉新明殿,臺北市內湖區新明路413巷1弄4號,臺北市內湖區週美里8鄰新明路413巷1弄6號,121.581582,25.054822
品陽大苑,臺北市中正區龍興里和平西路二段98巷號,臺北市中正區龍興里13鄰和平西路二段98巷12號,121.510443,25.028759
品陽大苑A.B區,臺北市中正區龍興里和平西路二段98巷(A3-10F)號,臺北市中正區龍興里6鄰和平西路二段98巷11之1號,121.51034,25.029115
品陽大苑C區,臺北市中正區龍興里和平西路二段70巷(C2-4F)號,臺北市中正區龍興里4鄰和平西路二段70巷8之2號,121.511348,25.028711
問鼎匯,臺北市大同區延平北路一段139號,臺北市大同區朝陽里1鄰延平北路一段139號,121.511914,25.053267
嘉源埕驛,臺北市大同區延平北路一段66巷8號,臺北市大同區玉泉里6鄰延平北路一段66巷8號,121.51152,25.051538
嘉潤一御,臺北市中山區吉林路及民生東路口,台北市中山區吉林路188號,121.5297,25.050294
嘉磐日光,臺北市北投區光明路號,台北市北投區育仁路10號號旁,121.499339,25.132421
嘉磐華山雍翠,臺北市中山區正得里中山北路一段33巷37號,臺北市中山區正得里5鄰中山北路一段33巷37號,121.523484,25.048459
四方荷韻,臺北市中正區重慶南路二段號,台北市中正區重慶南路二段80號,121.514236,25.032557
國協天玥,臺北市南港區三重里南港路一段20之1號,臺北市南港區三重里16鄰南港路一段32號,121.617622,25.05533
國家企業廣場TAIPEIONE,臺北市中山區力行里復興北路18號,臺北市中山區力行里2鄰復興北路26號,121.543678,25.048904
國揚吉麟,臺北市中山區吉林路170號,臺北市中山區中原里15鄰吉林路170號,121.530064,25.056873
國泰悠境,臺北市南港區向陽路120巷2弄號,臺北市南港區東新里20鄰向陽路120巷2弄20號,121.596542,25.054722
國泰悠陽,臺北市南港區向陽路120巷2弄號,臺北市南港區東新里20鄰向陽路120巷2弄20號,121.596542,25.054722
國泰承真,臺北市內湖區行善路281巷19弄號,臺北市內湖區週美里27鄰行善路281巷19弄12號,121.584733,25.061593
國泰沐善,台灣台北市內湖區行善路295號,臺北市內湖區行善路295號,121.5819896,25.0619116
國泰華威豐年,臺北市北投區大同里大業路號,台北市北投區大業路520號,121.496786,25.130879
國泰蒔美,臺北市內湖區行善路號,臺北市內湖區行善路281巷,121.575334,25.056083
國泰雍萃,臺北市北投區建民里文林北路75巷號,臺北市北投區建民里10鄰文林北路75巷69號,121.517263,25.103325
國王雙子星,臺北市大同區鄭州路83巷10號,臺北市大同區建功里19鄰鄭州路83巷11號,121.51275,25.050142
國美大奇,臺北市北投區三合街一段82巷116號,臺北市北投區奇岩里1鄰三合街一段82巷116號,121.504788,25.129334
國美大真,臺北市中山區敬業三路161巷A棟5樓A-5戶號,臺北市中山區成功里14鄰敬業三路161巷59號,121.554603,25.079373
國美山翫水,臺北市北投區三合街一段82巷119號,臺北市北投區奇岩里1鄰三合街一段82巷119號,121.504209,25.129718
國美華爾道夫三,臺北市中山區長春路258巷27號,臺北市中山區復華里20鄰長春路258巷27號,121.539132,25.053754
國美詠山,臺北市內湖區港墘路8號,臺北市內湖區港華里7鄰港墘路8號,121.577687,25.083548
國美青田,臺北市大安區青田街11巷8-1號,臺北市大安區龍安里8鄰青田街11巷8之1號,121.53274,25.02689
國賓伊頓,臺北市文山區政大一街C棟5樓C8-5戶號,台北市文山區政大一街239號,121.587397,24.9877
國賓官邸,臺北市內湖區成功路二段號,台北市內湖區成功路二段317巷1-17號,121.5881803,25.0698695
國賓皇琚,臺北市中山區中山北路二段63號,臺北市中山區民安里18鄰中山北路二段66號,121.522585,25.056757
國雄中正,臺北市中正區詔安街240號,臺北市中正區永昌里15鄰詔安街240號,121.509122,25.02689
圓山1號院,臺北市士林區基河路15號,臺北市士林區義信里1鄰基河路15號,121.524837,25.087038
圓山ART,臺北市士林區承德路四段88號,臺北市士林區承德里2鄰承德路四段88號,121.523055,25.082706
圓山富璟,臺北市士林區福港街208號,臺北市士林區福中里5鄰福港街212號,121.517549,25.085809
圓山帝寶,臺北市士林區承德路四段號,台北市士林區承德路四段72號,121.521899,25.080207
圓山綻,臺北市大同區哈密街68巷18號,臺北市大同區保安里15鄰哈密街68巷18號,121.518233,25.073288
在壹起,臺北市大安區民輝里新生南路一段97巷1號,臺北市大安區民輝里17鄰新生南路一段97巷1號,121.533842,25.041231
城中京湛,臺北市萬華區福星里漢口街二段53巷18號,臺北市萬華區福星里14鄰漢口街二段53巷17號,121.506433,25.046384
城市莊園,臺北市大同區民權西路160巷26弄號,臺北市大同區民權里8鄰民權西路160巷26弄88號,121.514894,25.061596
城心曜曜,臺北市大同區承德路二段146號,臺北市大同區雙連里12鄰承德路二段147號,121.51839,25.057915
城西蒔光,臺北市萬華區興義街17號,臺北市萬華區和德里5鄰興義街17號,121.492431,25.027152
埕曦河畔,臺北市萬華區環河南路二段31號,臺北市萬華區青山里4鄰環河南路二段31號,121.49768,25.039051
基泰大安,臺北市大安區建國南路一段304巷49號,臺北市大安區民炤里14鄰建國南路一段304巷55號,121.535,25.035292
基泰大直,臺北市中山區大直街94巷及94巷3弄轉角處號,臺北市中山區大直里5鄰大直街94巷1弄7號,121.547897,25.084699
基泰建中,臺北市萬華區莒光路260號,臺北市萬華區雙園里12鄰莒光路260號,121.499163,25.031296
基泰碧湖,臺北市內湖區內湖路一段號,台北市內湖區內湖路一段741號,121.55911,25.085477
基泰磺溪,臺北市北投區文林北路16巷號,臺北市北投區建民里1鄰文林北路16巷25號,121.519732,25.105295
墨花香,臺北市大安區羅斯福路二段111號,臺北市大安區古莊里10鄰羅斯福路二段111號,121.524632,25.02447
士林一品,臺北市士林區大南路號,台北市士林區基河路151號1樓,121.526053,25.089051
士林竣,臺北市士林區中正路247巷號,臺北市士林區舊佳里19鄰中正路248號,121.524967,25.095265
士科京璽,臺北市士林區重慶北路四段222號,臺北市士林區葫東里9鄰重慶北路四段222號,121.511467,25.085867
士科大院,臺北市北投區洲美里福善路號,台北市北投區承平路河美街口,121.510185,25.099761
士科潤山,臺北市北投區建民里承德路六段號,台北市北投區承德路六段文承路口,121.511246,25.104156
夏沐時,臺北市北投區立農里立農街一段257巷7弄8號,臺北市北投區立農里17鄰立農街一段257巷7弄7號,121.505201,25.1204
大喆,臺北市中山區民生東路二段號,台北市中山區民生東路二段93巷15號,121.528158,25.057856
大安MONEY璞寓,臺北市大安區羅斯福路三段F棟15樓號,臺北市大安區古風里6鄰羅斯福路三段159號,121.528256,25.020931
大安MONEY賦寓,臺北市大安區羅斯福路三段A棟14樓號,臺北市大安區古風里6鄰羅斯福路三段159號,121.528256,25.020931
大安信藝館,臺北市大安區文昌街號,台北市大安區文昌街257號,121.550205,25.03291
大安富中,臺北市大安區信義路三段147巷11弄B戶4樓號,臺北市大安區和安里8鄰信義路三段147巷11弄15之1號,121.542477,25.034808
大安富御,臺北市大安區臥龍街號,臺北市大安區臥龍街296號,121.546753,25.024211
大安富筑,臺北市大安區通化街38巷號,臺北市大安區通安里7鄰通化街38巷9號,121.553715,25.030982
大安得逸,臺北市大安區羅斯福路三段283巷21弄7號,臺北市大安區大學里14鄰羅斯福路三段283巷21弄7號,121.531312,25.019936
大安文樺,臺北市大安區樂業街118巷號,臺北市大安區芳和里1鄰樂業街118巷11號,121.551742,25.020538
大安昕境,臺北市大安區辛亥路一段號,臺北市大安區羅斯福路三段283巷,121.530424,25.020237
大安永康,臺北市大安區永康街17巷5號,臺北市大安區福住里6鄰永康街17巷17號,121.530489,25.032387
大安潮,臺北市大安區潮州街號,台灣台北市大安區潮州街97號,121.522755,25.02952
大安謙韵,臺北市大安區仁慈里大安路一段206巷15號,台北市大安區大安路一段206巷15號,121.544739,25.034817
大安釀,臺北市大安區大安段二小段297-0地號,台北市大安區復興南路二段55號,121.544352,25.033559
大將首驛,臺北市北投區大同街(編號,台北市北投區大同街105號,121.499216,25.137495
大承,臺北市大同區永樂里南京西路號,台北市大同區延平北路一段152號,121.5107,25.053934
大湖朕寶,臺北市內湖區康寧路一段與星雲街口號,台北市內湖區成功路四段61巷53-55號,121.597703,25.079015
大理ONE,臺北市萬華區糖?里大理街135號,臺北市萬華區糖廍里3鄰大理街135號,121.497316,25.034279
大直紅點,臺北市中山區植福路189號,臺北市中山區金泰里14鄰植福路189號,121.55991,25.083745
天匯,臺北市北投區石牌路一段58巷37號,臺北市北投區福興里7鄰石牌路一段58巷36號,121.512095,25.112787
天成河悅,臺北市文山區景福街號,台北市文山區景福街220號,121.539053,24.999316
天母上苑,臺北市士林區中山北路七段141巷21號,臺北市士林區天母里7鄰中山北路七段141巷17之4號,121.530296,25.122869
天母常玉,臺北市北投區振華里東華街一段號,臺北市北投區裕民四路2巷,121.515781,25.114757
天母桓琚,臺北市士林區天母東路105巷9弄6號,臺北市士林區天和里3鄰天母東路105巷9弄6號,121.535957,25.119157
天母鑲玉,臺北市北投區石牌路二段315巷31號,臺北市北投區永欣里15鄰石牌路二段315巷33之1號,121.521923,25.123822
天璽,臺北市中山區德惠街與農安街一巷口(B3-08F)號,台北市中山區雙城街32巷15號,121.523407,25.066621
天綺,臺北市北投區奇岩里公館路376巷6弄4號,臺北市北投區奇岩里26鄰公舘路376巷6弄6號,121.503687,25.123874
天賞大願,臺北市文山區保儀路號,台北市文山區保儀路46號,121.568484,24.988593
天開圖畫,臺北市南港區東新街170巷C1棟3樓號,臺北市南港區成福里12鄰東新街170巷21之1號,121.593219,25.044442
太子華威,臺北市士林區芝山段一小段572及619地號,台北市士林區至誠路一段138號,121.531104,25.118279
太平洋敦南麗舍,臺北市大安區敦化南路一段177巷號,臺北市大安區建安里13鄰敦化南路一段177巷18號,121.550081,25.042988
太平洋蒔景,臺北市信義區?和段二小段301地號,台北市信義區崇德街161號,121.565242,25.041291
奇岩綠境,臺北市北投區公?路號,台北市北投區公舘路243號,,
如意琚,臺北市內湖區康樂街110巷6號,臺北市內湖區東湖里10鄰康樂街110巷6號,121.618611,25.070601
威堡今綻,臺北市中山區天祥路16號,臺北市中山區集英里9鄰天祥路16號,121.520943,25.060936
安家2MORE,臺北市萬華區大理街號,台北市萬華區大理街28號,121.502947,25.034645
安家湛,臺北市文山區秀明路一段7號,臺北市文山區明興里15鄰秀明路一段7號,121.563661,24.989384
安家秀,臺北市萬華區青山里環河南路二段5巷1號,臺北市萬華區青山里4鄰環河南路二段5巷2號,121.497854,25.039591
安家藏玉,臺北市中正區幸福里齊東街82巷42號,臺北市中正區幸福里17鄰齊東街82巷43之6號,121.528917,25.042532
安縵莊園,臺北市內湖區內湖路三段號,台北市內湖區內湖路三段60巷39號,121.592882,25.084631
宏國大道城B棟,臺北市大同區承德路二段號,台北市大同區承德路二段58號,121.51797,25.055471
宏國大道城D棟,臺北市大同區承德路二段91巷號,台北市大同區承德路二段58號,121.519443,25.056145
宏國大道城Ｃ棟,臺北市大同區承德路二段109巷號,台北市大同區承德路二段58號,121.519425,25.056695
宏廷富山滙,臺北市文山區華興里富山路號,台北市文山區富山路5號,121.553714,24.988947
宏普國貿2,臺北市內湖區湖元里新湖二路146巷號,臺北市內湖區湖元里18鄰新湖二路146巷33號,121.578695,25.063647
宏普新邑,臺北市北投區三合街B1-9F號,台北市北投區三合街一段82巷93-107號,121.505932,25.127272
宏普鉑金苑,臺北市南港區經貿二路235巷號,臺北市南港區三重里31鄰經貿二路235巷31號,121.615731,25.061606
宏普陽明,臺北市北投區建民里文林北路號,台北市北投區文林北路75巷文林北路175巷,121.518933,25.104624
宏普頤和,臺北市中山區埤頭里八德路二段146巷1弄6號,台北市中山區八德路二段146巷1弄,121.537325,25.045707
宏泰HOME,臺北市內湖區潭美段五小段59地號,台北市內湖區內湖路一段203巷28號,121.591037,25.087201
宏盛得意山莊,臺北市北投區三合街一段(C1-5F)號,台北市北投區三合街一段117巷53號,121.504623,25.126702
宏盛掬白,臺北市內湖區民權東路六段210巷43號,臺北市內湖區寶湖里20鄰民權東路六段210巷43號,121.597804,25.065967
宏盛淬白,臺北市中山區龍江路429巷號,臺北市中山區下埤里18鄰龍江路429巷16號,121.541808,25.066769
宏盛陽明,臺北市士林區福志路86號,臺北市士林區福志里21鄰福志路86號,121.529022,25.098859
宏築信義,臺北市信義區和平東路三段號,臺北市信義區和平東路三段463巷,121.553505,25.023693
宏築天藴,臺北市士林區天玉街44巷號,台北市士林區天玉街40號,121.529664,25.12065
官峰,臺北市士林區福志路120號,臺北市士林區福志路120號,121.527618,25.098507
家居奇玉,臺北市北投區三合街一段82巷62弄22號,臺北市北投區奇岩里3鄰三合街一段82巷62弄22號,121.505527,25.128477
家居安曼,臺北市北投區文林北路131號,台北市北投區文林北路131號,121.516801,25.10648
家居璽玉,臺北市北投區北科路,臺北市北投區北科路,121.518933,25.104624
家騰真,臺北市內湖區康樂街136巷18弄12號,臺北市內湖區樂康里20鄰康樂街136巷18弄19號,121.618258,25.071041
富享家,臺北市內湖區葫洲里康寧路三段號,台北市內湖區康寧路三段12號,121.606393,25.072617
富享榮華,臺北市中正區新營里金華街號,台北市中正區羅斯福路一段29號,121.520176,25.03177
富域,臺北市北投區清江里中央南路一段81號,臺北市北投區清江里4鄰中央南路一段83號,121.501321,25.131148
富裔CORNER,臺北市大安區大安路一段206巷16號,臺北市大安區仁慈里7鄰大安路一段206巷17之1號,121.544739,25.034817
富裔Corner,臺北市大安區信義路四段53巷30號,臺北市大安區仁慈里7鄰信義路四段53巷30號,121.544997,25.034669
富貴莊園,臺北市內湖區康樂街136巷30弄11號,臺北市內湖區東湖里20鄰康樂街136巷30弄11號,121.617189,25.072047
富邦藝庭,臺北市大安區義村里仁愛路三段143巷號,臺北市大安區義村里22鄰仁愛路三段143巷24號,121.542957,25.03959
富邦藝樹,臺北市大安區建安里敦化南路一段161巷口號,臺北市大安區建安里6鄰敦化南路一段161巷46之1號,121.551402,25.043389
富邦醴仁,臺北市中正區金山南路一段53巷1號,臺北市中正區文北里13鄰金山南路一段53巷1號,121.529227,25.039103
寶舖care,臺北市中正區羅斯福路三段212號,臺北市中正區文盛里1鄰羅斯福路三段212號,121.529537,25.01912
寶舖212,臺北市中正區羅斯福路三段210巷旁A棟2樓號,臺北市中正區文盛里4鄰羅斯福路三段210巷12之2號,121.528721,25.018197
寶舖care,臺北市中正區羅斯福路三段212號,臺北市中正區文盛里1鄰羅斯福路三段212號,121.529537,25.01912
將作城心,臺北市中正區南昌路二段91號,臺北市中正區板溪里4鄰南昌路二段92號,121.521724,25.026225
將捷心裡?,臺北市中山區雙城街13巷A棟7樓號,臺北市中山區恆安里9鄰雙城街13巷20之1號,121.525073,25.064056
將捷行書,臺北市松山區三民路38號,臺北市松山區安平里4鄰三民路38號,121.563995,25.05328
小時代,臺北市萬華區開封街二段69號,臺北市萬華區福星里15鄰開封街二段69號,121.505135,25.047114
尚青苑,臺北市文山區木柵路一段238巷2弄旁B棟號,臺北市文山區華興里20鄰木柵路一段238巷2弄2號,121.553641,24.987666
展宜常閑,臺北市士林區蘭興里磺溪街88巷9號,臺北市士林區蘭興里11鄰磺溪街88巷10號,121.523957,25.108435
展宜詠喆,臺北市信義區永吉路278巷號,台北市信義區永吉路278巷46號,121.574246,25.044917
山丘小墅,臺北市內湖區環山路二段甲棟5樓B5戶號,台北市內湖區環山路二段26號,121.573375,25.085922
山森原,臺北市南港區三重路41巷A5棟2樓號,臺北市南港區三重里29鄰三重路41巷37之1號,121.612844,25.060828
山沺藏,臺北市內湖區民權東路六段289巷(石潭段四小段224地號,臺北市內湖區寶湖里22鄰民權東路六段289巷31號,121.601219,25.069382
山釀,臺北市內湖區環山路二段50巷14弄5號,臺北市內湖區港華里19鄰環山路二段50巷14弄5號,121.57346,25.088038
山隱曼曼,臺北市士林區中正路213巷號,臺北市士林區福林里16鄰中正路213巷9號,121.526687,25.094809
岳榕莊,臺北市北投區八仙里中央南路二段23號,臺北市北投區八仙里18鄰中央南路二段28之6號,121.500007,25.125426
岳泰峰悦,臺北市文山區新光路一段66巷號,臺北市文山區萬興里4鄰新光路一段66巷3號,121.573123,24.990382
岳泰峰山,臺北市內湖區康寧路一段156巷21號,臺北市內湖區紫雲里22鄰康寧路一段156巷22之2號,121.593677,25.077826
岳泰峰華,臺北市文山區景文街48號,臺北市文山區景行里2鄰景文街46之2號,121.541186,24.991382
岳泰明德,臺北市北投區懷德街66巷21號,臺北市北投區振華里25鄰懷德街66巷22號,121.520763,25.112977
岳泰豐鼎,臺北市萬華區漢口街二段88號,臺北市萬華區萬壽里9鄰漢口街二段88號,121.504434,25.046139
峰源,臺北市大同區大有里環河北路一段號,台北市大同區環河北路一段235號,121.508579,25.058945
峰雅,臺北市士林區中山北路7段114巷號,臺北市士林區天山里17鄰中山北路七段114巷7之1號,121.532864,25.122107
崇偉南京Ｓ2,臺北市內湖區新明路428巷2號,臺北市內湖區行善里4鄰新明路428巷2號,121.579381,25.054303
嶺藏,臺北市中正區牯嶺街95巷68號,臺北市中正區板溪里10鄰牯嶺街95巷68號,121.521202,25.025268
希伯崙山莊,臺北市文山區福興路106巷號,臺北市文山區興旺里21鄰福興路106巷37號,121.55015,25.007045
帝璽,臺北市中山區建國北路二段號,台北市中山區建國北路二段58號,121.536438,25.052903
師大浦玉,臺北市大安區浦城街15號,臺北市大安區古莊里7鄰浦城街12之1號,121.526663,25.023781
師大芯,臺北市大安區羅斯福路二段117巷5號,臺北市大安區古莊里10鄰羅斯福路二段117巷5號,121.525257,25.024501
常殷峰澤,臺北市大同區永樂里延平北路一段108號,臺北市大同區永樂里6鄰延平北路一段108號,121.511187,25.052865
常殷泊美,臺北市北投區三合街一段82巷73號,臺北市北投區奇岩里3鄰三合街一段82巷73號,121.50433,25.128602
幸福一町目,臺北市士林區士林區社正路45巷4弄號,找不到指定的門牌地址。,,
幸褔安家,臺北市萬華區孝德里德昌街號,台北市萬華區德昌街201號,121.494538,25.023467
序東騰,臺北市中山區興亞里吉林路14巷號,臺北市中山區興亞里22鄰吉林路14巷7之1號,121.529375,25.050622
康HOME,臺北市萬華區永福街102號,臺北市萬華區福音里9鄰永福街102號,121.502405,25.038845
康寶日出印象,臺北市北投區關渡里大度路三段301巷號,臺北市北投區關渡里1鄰大度路三段301巷22號,121.466139,25.122388
廣宇日和,臺北市大同區承德路二段100號,臺北市大同區雙連里15鄰承德路二段104號,121.517955,25.058488
廣宇江南,臺北市內湖區江南街71巷16弄5之1號,臺北市內湖區港墘里9鄰江南街71巷16弄16號,121.577622,25.075948
廣宇萬和,臺北市大同區民族西路326號,臺北市大同區國順里7鄰民族西路326號,121.509687,25.068584
御品園,臺北市大同區延平北路三段號,台北市大同區延平北路三段5號,121.511251,25.063697
御品行館,臺北市北投區光明路209號,臺北市北投區長安里15鄰光明路210號,121.503874,25.136044
御揚比漾,臺北市中山區北安段一小段116-117地號,台北市中山區北安路669號,121.522325,25.060393
御水苑,臺北市士林區天母西路50巷24號,臺北市士林區天壽里14鄰天母西路50巷25號,121.524991,25.117591
御織間,臺北市南港區東明街41號,臺北市南港區東新里2鄰東明街41號,121.60453,25.056163
德孚昀品,臺北市內湖區文德路22巷44弄130號,臺北市內湖區瑞陽里4鄰文德路22巷44弄124號,121.5809,25.076027
德悅悅,臺北市士林區文林路號,台北市士林區文林路470號,121.525764,25.086653
德杰羽森-玥,臺北市南港區興南街98號,臺北市南港區東新里16鄰興南街98號,121.59999,25.055388
德杰羽森-琚,臺北市南港區東明街123巷旁號,臺北市南港區東新里9鄰東明街123巷26號,121.601065,25.055344
德杰羽森-璽,臺北市南港區興南街150號,臺北市南港區東新里19鄰興南街150號,121.598844,25.054919
德林哲里,臺北市士林區永平街80巷號,臺北市士林區社園里25鄰永平街80巷10號,121.505515,25.091519
德璞永樂,臺北市大同區永樂里南京西路號,台北市大同區南京西路227號,121.5107,25.053934
德謙驛,臺北市萬華區艋舺大道100號,臺北市萬華區頂碩里3鄰艋舺大道100號,121.502722,25.033204
德運京鼎,臺北市中山區南京東路二段23號,臺北市中山區中原里1鄰南京東路二段23號,121.528854,25.052281
德運官鼎,臺北市中山區民生東路二段3號,臺北市中山區中庄里1鄰民生東路二段3號,121.528129,25.058183
德運永康,臺北市大安區信義路二段號,台北市大安區信義路二段220號,121.525413,25.034707
心仝聚,臺北市北投區建民里文林北路75巷號,臺北市北投區建民里10鄰文林北路75巷69號,121.517263,25.103325
忠孝詠吉,臺北市南港區永吉路號,台北市南港區永吉路555號,121.581545,25.04518
忠泰世界廣場,臺北市中山區敬業二路號,台北市中山區敬業二路70號,121.554301,25.082512
忠泰值,臺北市中正區忠孝東路一段84巷2號,臺北市中正區幸福里4鄰忠孝東路一段84巷2號,121.524061,25.044239
忠泰同,臺北市大同區重慶北路三段40號,臺北市大同區隆和里4鄰重慶北路三段40號,121.513469,25.065335
忠泰旭美,臺北市中山區中山北路二段93巷號,臺北市中山區聚盛里6鄰中山北路二段93巷7之3號,121.523822,25.059417
忠泰湛,臺北市文山區木新里開元街47號,臺北市文山區木新里5鄰開元街48號,121.570002,24.989051
忠泰繪,臺北市中山區德惠街號,台北市中山區德惠街12號,121.523407,25.066621
忠泰衍見築,臺北市松山區敦化北路120巷號,臺北市松山區中正里28鄰敦化北路120巷28號,121.547184,25.054023
忠順大院Ⅱ,臺北市文山區忠順街二段85巷旁(A5-3F)號,臺北市文山區忠順里17鄰忠順街二段85巷23號,121.565102,24.986301
恆合中山,臺北市中山區集英里錦西街4之1號,臺北市中山區集英里7鄰錦西街4之5號,121.522174,25.06022
恆合江山,臺北市北投區承德路七段號,台北市北投區承德路七段166號,121.510437,25.111781
恆合芝山,臺北市士林區文林路號,台北市士林區文林路679號,121.525764,25.086653
恆合鈺璽,臺北市中山區長春路285號,臺北市中山區朱馥里22鄰長春路285號,121.541704,25.054731
恆岳尚美,臺北市松山區復興北路81巷18號,臺北市松山區中正里21鄰復興北路81巷18號,121.544954,25.05113
恆悅植心苑,臺北市中正區和平西路二段135號,臺北市中正區廈安里1鄰和平西路二段136號,121.50648,25.032202
恆隆聚,臺北市萬華區和平西路三段274號,臺北市萬華區糖廍里8鄰和平西路三段274號,121.49515,25.035264
悅成功,臺北市內湖區成功路二段450號,臺北市內湖區湖興里5鄰成功路二段450號,121.58956,25.071991
拾秋,臺北市大安區浦城街4巷號,臺北市大安區古莊里4鄰浦城街4巷6之2號,121.526602,25.024262
捷運晶鑽,臺北市北投區民權街8號,臺北市北投區清江里9鄰民權街11號,121.501536,25.129315
揚昇君悅,臺北市松山區復興南路一段25巷1弄1號,臺北市松山區中崙里1鄰復興南路一段1之1號,121.54413,25.047256
揚昇君苑,臺北市松山區松河街168號,臺北市松山區慈祐里5鄰松河街168號,121.576441,25.051189
揚昇君隆,臺北市松山區南京東路五段23巷及23巷7弄及9弄口,臺北市松山區東光里5鄰南京東路五段23巷4號,121.558079,25.052053
揚昇松江苑,臺北市中山區長安段三小段476.483-1地號,台北市中山區松江路56號,121.522189,25.060396
揚昇松韻,臺北市中山區吉林里松江路204巷號,臺北市中山區中吉里21鄰松江路204巷9號,121.532476,25.057504
擎天森林,臺北市南港區東新里興南街號,臺北市南港區東新里13鄰興南街11號,121.602744,25.05664
政大爵鼎NO.1,臺北市文山區指南路三段77巷號,臺北市文山區指南里17鄰指南路三段77巷12號,121.580995,24.982717
政大爵鼎NO.2,臺北市文山區指南路三段77巷號,臺北市文山區指南里17鄰指南路三段77巷12號,121.580995,24.982717
政大豐匯,臺北市文山區指南路2段221號,臺北市文山區政大里1鄰指南路二段221號,121.579683,24.98617
政大首席,臺北市文山區新光路一段32巷內號,臺北市文山區萬興里29鄰新光路一段32巷18號,121.572959,24.989115
敦仰,臺北市松山區敦化北路8號,臺北市松山區中正里10鄰敦化北路8號,121.548559,25.050453
敦化豐華,臺北市松山區南京東路三段256巷號,臺北市松山區中正里20鄰南京東路三段256巷23號,121.544669,25.050646
敦北VOGUE,臺北市松山區南京東路四段66號,臺北市松山區美仁里4鄰南京東路四段66號,121.554017,25.051435
敦北南京,臺北市松山區南京東路四段號,臺北市松山區南京東路四段63號,121.550079,25.051911
敦北文華,臺北市松山區南京東路四段52巷號,臺北市松山區美仁里10鄰南京東路四段52巷10號,121.553589,25.050663
敦南WOW,臺北市大安區安和路二段32巷31號,臺北市大安區義安里6鄰安和路二段32巷31號,121.550292,25.031825
敦南好好,臺北市大安區芳和里樂業街72巷號,臺北市大安區芳和里4鄰樂業街72巷16號,121.5501,25.021535
敦南樞苑,臺北市松山區敦化南路一段69號,臺北市松山區敦化里13鄰敦化南路一段69號,121.549268,25.045368
敦南琴朗,臺北市大安區敦南街號,台北市大安區臥龍街84號,121.547496,25.02107
敦南竣,臺北市大安區四維路170巷5號,臺北市大安區龍雲里17鄰四維路170巷5號,121.547595,25.028286
敦南霖園,臺北市大安區敦化南路一段288號,臺北市大安區德安里11鄰敦化南路一段288號,121.54846,25.036552
敦年˙博愛凱旋,臺北市中正區博愛路31-60號,臺北市中正區光復里3鄰博愛路31之1號,121.511512,25.045258
敦豐苑,臺北市大同區重慶北路二段225號,臺北市大同區民權里4鄰重慶北路二段225號,121.513724,25.061696
文与堂,臺北市大安區古風里泰順街62巷(與辛亥路一段77巷巷口)號,台北市大安區泰順街62巷,121.531088,25.022469
文山晶硯,臺北市文山區忠順街一段41巷18號,臺北市文山區樟林里17鄰忠順街一段41巷18號,121.558623,24.984838
文山萃,臺北市文山區光輝路134巷3弄1號,臺北市文山區樟林里10鄰光輝路134巷12弄1號,121.55811,24.984618
文心casaait,臺北市內湖區康寧路一段255巷B棟4樓B-4戶號,臺北市內湖區清白里31鄰康寧路一段255巷71號,121.59697,25.081686
文心日日,臺北市內湖區民權東路六段180巷42弄旁(C4-14F)號,臺北市內湖區寶湖里11鄰民權東路六段180巷42弄10之8號,121.592254,25.066749
文心靜靜,臺北市內湖區寶湖里民權東路六段191巷38弄號,臺北市內湖區寶湖里6鄰民權東路六段191巷38弄29號,121.597283,25.06908
文普享享瑞安,臺北市大安區和平東路二段153巷號,臺北市大安區龍生里7鄰和平東路二段153巷3號,121.541289,25.025503
文林君閱,臺北市士林區美崙街11號,臺北市士林區福佳里4鄰美崙街12號,121.523409,25.097275
文藝再興,臺北市文山區興隆路四段2號,臺北市文山區明義里1鄰興隆路四段2號,121.559112,24.990447
文藝復興,臺北市北投區一德里中央北路四段30巷4號,臺北市北投區一德里2鄰中央北路四段30巷10號,121.478044,25.135535
新光碧湖天,臺北市內湖區文德路210巷30弄83號,臺北市內湖區紫陽里22鄰文德路210巷30弄83號,121.584058,25.076405
新潤城峰,臺北市內湖區潭美段五小段15-3地號,台北市內湖區行善路385號,121.591066,25.087126
新潤峰耘,臺北市松山區寶清街103巷A2-2F號,台北市松山區寶清街103號,121.568737,25.053248
新潤朗格,臺北市中山區南京東路三段89巷4弄號,臺北市中山區復華里15鄰南京東路三段89巷15弄2之6號,121.538683,25.0531
新潤潤心,臺北市北投區建民里文承路號,臺北市北投區建民里10鄰文承路28號,121.514086,25.104683
新碩大砌,臺北市北投區實踐街5巷7號,臺北市北投區立賢里5鄰實踐街5巷7號,121.507304,25.11496
新碩文曲,臺北市大同區重慶北路二段123號,臺北市大同區雙連里27鄰重慶北路二段123號,121.513856,25.05777
新碩華御,臺北市萬華區貴陽街二段17巷旁A2-13F號,臺北市萬華區新起里22鄰貴陽街二段17巷17號,121.505565,25.039974
新碩華悅,臺北市萬華區柳州街號,臺北市萬華區仁德里3鄰柳州街13號,121.505495,25.039028
新美齊心居,臺北市南港區三重里三重路200巷(C-3F)號,台北市南港區重陽路523號,121.612973,25.061639
新美齊心岳,臺北市士林區中山北路六段441巷(A7)號,台北市士林區中山北路六段405巷88號,121.525536,25.117197
新美齊硯,臺北市中正區永綏街號,台北市中正區延平南路89號,121.511035,25.043002
方城市,臺北市中山區吉林路91號,臺北市中山區中吉里13鄰吉林路91號,121.530275,25.05572
日健邸,臺北市中正區臨沂街33巷號,台北市中正區忠孝東路二段102號,121.530322,25.039615
日健闊,臺北市士林區重慶北路四段號,台北市士林區重慶北路四段108號,121.513098,25.080335
日安吉林,臺北市中山區興亞里吉林路22巷13號,臺北市中山區興亞里23鄰吉林路22巷13號,121.529297,25.051113
日新好好,臺北市大同區星明里太原路142之12號,臺北市大同區星明里1鄰太原路142之11號,121.516153,25.054098
日日好日,臺北市士林區德行東路258號,臺北市士林區芝山里28鄰德行東路258號,121.534373,25.109603
日日禾,臺北市大同區民生西路6樓C戶號,台北市大同區民生西路298號,121.517281,25.057103
旺德福,臺北市北投區民族街13巷6號,臺北市北投區溫泉里17鄰民族街43巷13號,121.506012,25.133793
昀集柏寓,臺北市中山區民生東路一段18號,臺北市中山區中山里10鄰民生東路一段18號,121.52358,25.057876
昆陽園,臺北市南港區昆陽街180號,臺北市南港區新光里10鄰昆陽街180號,121.593225,25.04821
昇陽國際,臺北市信義區興隆里基隆路360號,臺北市信義區興隆里2鄰基隆路一段350之33號,121.56122,25.036716
昇陽逸居,臺北市萬華區中華路二段號,臺北市萬華區中華路二段484巷,121.505054,25.033189
昇陽麗方,臺北市北投區中央北路四段號,台北市北投區中央北路四段541巷3號,121.476386,25.133944
明德馥,臺北市北投區建民路125巷號,台灣台北市北投區建民路125巷6號,121.517026,25.110279
明臣勸,臺北市文山區指南路一段號,台北市文山區指南路一段63號,121.569018,24.987552
春聚,臺北市北投區石牌路二段317號,臺北市北投區永欣里5鄰石牌路二段318號,121.523191,25.119381
昭揚天際,臺北市北投區承德路七段號,臺北市北投區福興里3鄰承德路七段90號,121.510437,25.111781
景上川,臺北市萬華區龍山段一小段0698-0000地號,位於台北市萬華區環河南路二段59號,121.503037,25.034621
景美聯山-極品區,臺北市文山區羅斯福路六段號,台北市文山區羅斯福路六段198號,121.539438,25.000297
景美聯山-臻品區,臺北市文山區羅斯福路六段號,台北市文山區羅斯福路六段198號,121.539438,25.000297
晴山學,臺北市北投區稻香路168號,臺北市北投區稻香里14鄰稻香路168號,121.488899,25.143712
晶硯,臺北市中山區林森北路107巷A棟4樓號,臺北市中山區正義里8鄰林森北路107巷86之2號,121.527762,25.049574
晶華MORI,臺北市中山區天津街號,台北市中山區中山北路一段83巷12號,121.522666,25.048649
曉南門,臺北市萬華區昆明街289巷旁號,臺北市萬華區富福里13鄰昆明街289巷15之3號,121.503996,25.036204
最大直,臺北市中山區明水路375號,臺北市中山區永安里31鄰明水路383之1號,121.54603,25.077922
有鄰,臺北市大同區重慶北路三段7號,臺北市大同區隆和里6鄰重慶北路三段11號,121.513887,25.06443
朗朗台大,臺北市大安區新生南路三段70巷6號,臺北市大安區大學里3鄰新生南路三段70巷6號,121.53335,25.019687
東方晶鑽,臺北市南港區松河街770號,臺北市南港區三重里23鄰松河街770號,121.611831,25.061335
東昀昀,臺北市信義區嘉興街號,臺北市信義區崇德街60巷,121.558128,25.031656
東村渥雲,臺北市士林區福志路號,臺北市士林區福志里13鄰福志路11號,121.531809,25.098279
東煒大可山石,臺北市北投區奇岩段四小段11號,臺北市北投區大同里15鄰北投路二段11號,121.498724,25.130672
東煒常玉,臺北市文山區萬慶段一小段390號,臺北市文山區博嘉里19鄰和平東路四段390號,121.574408,24.998346
東騰元町,臺北市萬華區西昌街號,台北市萬華區西昌街134號,121.500769,25.042308
東騰界,臺北市中山區集英里撫順街(M-15F)號,臺北市中山區天祥路61巷,121.52091,25.063544
東騰籃,臺北市信義區吳興街600巷76弄號,臺北市信義區泰和里19鄰吳興街600巷76弄10號,121.570555,25.018788
東龍小巨蛋TOPONE,臺北市松山區南京東路路四段52巷3號,臺北市松山區美仁里4鄰南京東路四段52巷3號,121.553724,25.051083
松下?賓,臺北市中山區中山北路二段77巷號,臺北市中山區中山里10鄰中山北路二段77巷7號,121.523332,25.057569
松德88,臺北市信義區松德路88號,臺北市信義區國業里2鄰松德路89號,121.576108,25.038119
松德長虹,臺北市信義區松德路169巷號,臺北市信義區安康里19鄰松德路169巷21號,121.5758,25.036196
松捷樂,臺北市松山區八德路四段599號,臺北市松山區慈祐里15鄰八德路四段598之6號,121.572488,25.049748
松江188,臺北市中山區松江路188巷2號,臺北市中山區中吉里14鄰松江路188巷2號,121.532552,25.056728
松江ONE,臺北市中山區新生里松江路330巷23號,臺北市中山區新生里8鄰松江路330巷24號,121.532064,25.061088
松江阡語,臺北市中山區松江路184巷號,臺北市中山區中吉里16鄰松江路184巷31號,121.531521,25.056673
松漢掬雲,臺北市北投區三合街一段B1-5F號,臺北市北投區奇岩里3鄰三合街一段38號,121.505932,25.127272
松蔦青語,臺北市松山區松河街76號,臺北市松山區慈祐里7鄰松河街76號,121.574299,25.050795
松雍,臺北市信義區松勇路及松勇路69巷交叉口號,台北市信義區松勇路69巷1號,121.57042,25.034079
松露院,臺北市文山區秀明路二段號,台北市文山區秀明路二段75號,121.574243,24.991592
林語堂,臺北市中正區牯嶺街與廈門街99巷口號,臺北市中正區龍福里20鄰牯嶺街22巷11之1號,121.515376,25.03047
枝盈,臺北市大安區金山南路二段31巷A-3F號,臺北市大安區永康里7鄰金山南路二段31巷31號,121.528593,25.032851
柏鴻君臨,臺北市北投區建民里文林北路23巷號,臺北市北投區建民里5鄰文林北路60巷23號,121.519094,25.105362
桓桓溫州,臺北市大安區溫州街22巷號,臺北市大安區龍坡里18鄰溫州街22巷3之2號,121.53241,25.023817
森仰,臺北市中山區中山北路二段27巷22號,臺北市中山區康樂里3鄰中山北路二段27巷19號,121.524463,25.053431
森業永春,臺北市信義區忠孝東路與松山路口號,台北市信義區忠孝東路五段469號,121.565566,25.041429
森濤苑,臺北市內湖區民權東路六段180巷70弄號,臺北市內湖區寶湖里29鄰民權東路六段180巷70弄29號,121.591458,25.066891
植建築,臺北市大安區新生南路三段號,台北市大安區新生南路三段16號,121.53501,25.025568
楓韻、石,臺北市中正區博愛路224巷8號,臺北市中正區南門里4鄰博愛路224巷8號,121.509885,25.033933
極真,臺北市萬華區西園路二段322號,臺北市萬華區和德里24鄰西園路二段322號,121.492304,25.025997
榮耀之星,臺北市中山區五常街11巷3號,臺北市中山區行孝里1鄰五常街11巷3號,121.538121,25.064526
榮耀西門,臺北市萬華區漢中街156號,臺北市萬華區新起里17鄰漢中街156號,121.506658,25.041269
榮華一鹿,臺北市北投區榮華一路號,臺北市北投區榮華一路8號,121.524396,25.112807
樂揚心閱,臺北市大同區保安街51-57號,臺北市大同區延平里10鄰保安街52號,121.512753,25.059049
樂揚映白,臺北市信義區嘉興街175巷1號,臺北市信義區嘉興里14鄰嘉興街175巷6號,121.557578,25.027587
樂揚煦煦,臺北市萬華區萬大路386號,臺北市萬華區全德里1鄰萬大路386號,121.498848,25.022216
樂行館,臺北市士林區永平街臨85號,臺北市士林區社園里3鄰永平街86號,121.505149,25.091809
樸園璞開石,臺北市北投區文林北路號,台北市北投區文林北路7號,121.518933,25.104624
樹語院,臺北市文山區秀明路一段185巷號,臺北市文山區木柵里19鄰秀明路一段185巷45號,121.569349,24.993317
樹說,臺北市內湖區民權東路六段280巷155弄201號,臺北市內湖區南湖里8鄰民權東路六段280巷155弄201號,121.609483,25.068446
欣聯奇岩,臺北市北投區公館路350巷28號,臺北市北投區奇岩里26鄰公舘路350巷29號,121.504103,25.12406
欣聯東園綻,臺北市萬華區雙園段二小段150地號,台北市萬華區東園街30號,121.503037,25.034621
正隆官邸,臺北市中正區杭州南路一段43號,臺北市中正區文北里17鄰杭州南路一段43號,121.526162,25.04107
正隆晶鑽,臺北市南港區園區街32號,臺北市南港區三重里27鄰園區街32號,121.612692,25.059742
民權匯,臺北市大同區臺北市大同區民權西路177號,找不到指定的門牌地址。,,
民權好合,臺北市大同區民權西路205號,臺北市大同區蓬萊里11鄰民權西路205號,121.515214,25.063182
民權首富Ⅱ,臺北市大同區民權西路141號,臺北市大同區民權里6鄰民權西路146號,121.515811,25.062764
民生鉑月,臺北市松山區鵬程里延壽街18巷19號,臺北市松山區鵬程里12鄰延壽街18巷19號,121.568552,25.056512
水樹之間,臺北市大安區信義路三段39號,臺北市大安區民炤里11鄰信義路三段39號,121.534837,25.033757
水研,臺北市士林區承德路四段1巷25號,臺北市士林區明勝里1鄰承德路四段1巷25號,121.5223,25.078187
永保安康,臺北市大同區保安街80~82號,臺北市大同區延平里13鄰保安街88號,121.511601,25.05894
永信方圓,臺北市北投區三合街一段號,台北市北投區三合街一段38號,121.504623,25.126702
永康壹號,臺北市大安區福住里永康街1號,臺北市大安區福住里12鄰永康街1號,121.529962,25.033284
永康麗莊,臺北市大安區麗水街9巷5號,臺北市大安區永康里2鄰麗水街9巷5號,121.528949,25.030619
永德言葉,臺北市大同區萬全街及萬全一巷交叉口(A1-07F)號,臺北市大同區萬全街1號,121.520055,25.059502
永筑埕光,臺北市大同區民族西路176~180號,臺北市大同區國順里7鄰民族西路340號,121.509298,25.068587
永筑埕曦,臺北市大同區民族西路188號,臺北市大同區至聖里29鄰民族西路189之3號,121.514837,25.068729
永豐泰雲川,臺北市大同區鄰江里延平北路四段17號,臺北市大同區鄰江里13鄰延平北路四段18號,121.510774,25.069144
永陞信義安和案,臺北市大安區通安里安和路二段號,臺北市大安區安和路二段59巷,121.552609,25.03191
永陞奕居,臺北市大同區建泰里承德路一段號,台北市大同區承德路一段88號,121.516971,25.051421
永陞韶華-華年(工研館),臺北市大安區民輝里忠孝東路三段40號,臺北市大安區民輝里17鄰忠孝東路三段46號,121.534954,25.041801
永陞韶華-韶光(大安館),臺北市大安區民輝里忠孝東路三段10巷1號,臺北市大安區民輝里16鄰忠孝東路三段10巷10號,121.533424,25.041585
永陞鳳翎,臺北市松山區寧安街號,台北市松山區南京東路四段120巷30號,121.554524,25.050549
沐山,臺北市士林區中山北路七段81巷16弄5號,臺北市士林區天母里6鄰中山北路七段81巷16弄5號,121.53031,25.122202
沐松琚,臺北市南港區聯成里東新街77巷15弄1號,臺北市南港區聯成里14鄰東新街77巷15弄15號,121.588946,25.047464
沐極,臺北市文山區興隆路三段304巷號,臺北市文山區興得里26鄰興隆路三段304巷23號,121.558167,24.993846
泊山妍,臺北市北投區公館路25巷1號,臺北市北投區溫泉里9鄰公舘路63巷25號,121.505084,25.133493
泛亞長安,臺北市中山區長安東路二段118號,臺北市中山區朱園里7鄰長安東路二段118號,121.536045,25.048303
泰彰尚青苑,臺北市文山區木柵路一段238巷旁空地號,臺北市文山區華興里20鄰木柵路一段238巷12之1號,121.554083,24.98719
清歡,臺北市大安區杭州南路二段25巷39號,臺北市大安區光明里2鄰杭州南路二段25巷39號,121.525197,25.033422
湖森堡,臺北市內湖區碧湖二小段628地號,臺北市內湖區內湖路三段359號,121.591037,25.087201
源利御品,臺北市內湖區金湖路363巷51弄號,臺北市內湖區金湖里2鄰金湖路363巷51弄21號,121.600938,25.073668
溫州院,臺北市大安區溫州街(A5戶3樓)號,臺北市大安區龍新生南路三段22巷,121.533547,25.024982
溫布敦-19,臺北市內湖區民權東路六段210巷6樓A戶號,臺北市內湖區石潭里3鄰民權東路六段210巷68號,121.597464,25.064858
漢寶西門綻,臺北市萬華區西寧南路120號,臺北市萬華區萬壽里3鄰西寧南路121號,121.506589,25.044633
潤泰信義,臺北市信義區嘉興街及信安街交叉口號,台北市信義區信安街168號,121.557743,25.0282
潤泰大安富陽,臺北市大安區臥龍街號,台北市大安區臥龍街268號,121.546753,25.024211
潤泰禮仁,臺北市大安區和平東路一段188巷1號,臺北市大安區龍泉里8鄰和平東路一段188巷1號,121.530516,25.026074
澐品,臺北市士林區社新里社子街63巷9弄號,臺北市士林區社新里8鄰社子街63巷9弄10號,121.507386,25.087923
澧鈺12,臺北市內湖區內湖路二段179巷47號,臺北市內湖區湖濱里20鄰內湖路二段179巷41之2號,121.586162,25.083974
炎洲晴,臺北市中正區重慶南路三段27巷號,臺北市中正區南福里15鄰重慶南路三段27巷11號,121.516287,25.028777
玉山岩,臺北市北投區三合街一段82巷58之1號,臺北市北投區奇岩里3鄰三合街一段82巷58之1號,121.505146,25.128219
玉成大樹,臺北市南港區同德路66巷11號,臺北市南港區萬福里10鄰同德路66巷12號,121.585303,25.045176
玉成大賞,臺北市南港區成福路149巷5弄號,臺北市南港區成福里18鄰成福路149巷5弄12之3號,121.587866,25.041823
玖原和美,臺北市北投區中和街251號,臺北市北投區開明里7鄰中和街252號,121.500953,25.139904
玖原品藏,臺北市中正區濟南路一段13巷6號,臺北市中正區幸福里2鄰濟南路一段13巷6號,121.522201,25.042926
玖原青,臺北市文山區萬慶街37巷號,臺北市文山區景美里15鄰萬慶街37巷21號,121.538101,24.993234
玖原青-文青區,臺北市文山區育英街79號,臺北市文山區景美里13鄰育英街79號,121.538814,24.992657
玖原青-青心區,臺北市文山區育英街83號,臺北市文山區景美里13鄰育英街83號,121.538877,24.992837
琢格77,臺北市信義區松隆路77-79號,臺北市信義區敦厚里10鄰松隆路78號,121.569087,25.044439
琢豐,臺北市中山區興亞里南京東路二段號,台北市中山區松江路118號,121.529371,25.051879
琢賦,臺北市松山區敦化北路A棟2樓號,台北市松山區敦化北路256號,121.549503,25.054103
璞園.榮,臺北市中山區林森北路號,台北市中山區林森北路89號,121.52461,25.048337
璞園喆里東,臺北市北投區振華里東陽街號,台北市北投區東陽街499號,121.52023,25.112254
璞園丹陽,臺北市中正區丹陽街31號,臺北市中正區東門里6鄰丹陽街37號,121.524388,25.039401
璞園天玉,臺北市士林區天玉街號,台北市士林區天玉街27巷27號,121.526891,25.120329
璞園學豐,臺北市中正區福和段一小段78地號,台北市中正區汀州路三段29號31號,121.524958,25.035366
璞園寬心苑,臺北市北投區石牌路二段號,台北市北投區石牌路二段307號,121.5153,25.115758
璞園樸園,臺北市松山區敦化北路145巷號,臺北市松山區中華里16鄰敦化北路145巷11號,121.549809,25.053719
璞園泊隱,臺北市士林區德行東路260巷7號,臺北市士林區芝山里28鄰德行東路260巷7號,121.534567,25.109369
璞園百聿,臺北市中山區朱崙街11號,臺北市中山區力行里30鄰朱崙街11號,121.537673,25.050193
璞園袖里春,臺北市北投區榮華一路2巷4號,臺北市北投區榮華里11鄰榮華一路2巷2之1號,121.524203,25.112848
璞園貴象,臺北市中山區中山段三小段325地號,台北市中山區中山北路二段65巷10號,121.542081,25.046386
璞晛,臺北市北投區文林北路號,臺北市北投區文林北路166巷,121.518933,25.104624
璞有聲-璞日,臺北市北投區西安街二段號,臺北市北投西安街二段261號,121.512583,25.118217
璞有聲-璞月,臺北市北投區西安街二段號,臺北市北投西安街二段261號,121.512583,25.118217
璞松綻,臺北市南港區市民大道七段號,台北市南港區中坡北路110號,121.581198,25.049641
璞森晴,臺北市內湖區內湖路二段235巷16號,臺北市內湖區湖濱里24鄰內湖路二段235巷16號,121.588832,25.082757
璞氏集,臺北市士林區士東路9樓(B戶)號,台北市士林區士東路86號,121.528835,25.112186
璞玥,臺北市北投區致遠一路一段號,台北市北投區致遠一路一段40號,121.517229,25.107749
璞真上善,臺北市士林區至善路一段116巷旁號,臺北市士林區福林里2鄰至善路一段116巷13號,121.538422,25.096294
璞真之道,臺北市中山區中山北路二段與中山北路二段93巷交叉口號,台北市中山區中山北路二段91-1號,121.523563,25.061978
璞真宇見,臺北市中正區文盛里羅斯福路三段號,台北市中正區羅斯福路三段246號,121.530005,25.018659
璞真文學,臺北市北投區文林北路75巷(中正高中對面)號,臺北市北投區建民里10鄰文林北路75巷75號,121.517805,25.103321
璞真榮華,臺北市北投區榮華二路23號,臺北市北投區榮華里10鄰榮華二路23號,121.523224,25.113395
璞知溪,臺北市士林區中山北路六段405巷45弄8-10號,臺北市士林區天壽里11鄰中山北路六段405巷45弄6之1號,121.526199,25.115886
璞詠川,臺北市士林區明勝里承德路四段6巷號,臺北市士林區明勝里18鄰承德路四段6巷10號,121.521029,25.079149
璞風晴,臺北市北投區義理街號,台北市北投區義理街25號,121.515186,25.116195
甲松富大橋綻,臺北市大同區延平北路2段272巷17號,臺北市大同區南芳里11鄰延平北路二段272巷17號,121.510328,25.062145
當代一號院,臺北市大同區重慶北路三段號,臺北市大同區隆和里4鄰重慶北路三段20號,121.513452,25.064883
皇鼎一品,臺北市南港區東新街號,台北市南港區東新街58號,121.582654,25.050909
真實永澤,臺北市大安區金華街162號,臺北市大安區錦安里16鄰金華街162號,121.530258,25.029686
睦昇天朗,臺北市北投區石牌路一段166巷號,台北市北投區石牌路一段166巷71號,121.514005,25.113886
睦月,臺北市中山區朱園里建國北路1段38號,臺北市中山區朱園里7鄰建國北路一段42號,121.53633,25.04762
睿泰川矅,臺北市中正區詔安街53巷旁號,台北市中正區詔安街53號,121.511718,25.025666
睿泰川端,臺北市中正區汀州路二段A5棟2樓號,台北市中正區汀州路二段275號,121.517808,25.025645
碧水岸,臺北市文山區和興路115號,臺北市文山區試院里1鄰和興路116號,121.550169,24.985575
碧湖君品,臺北市內湖區內湖路二段號,台北市內湖區內湖路二段265號,121.579588,25.078859
碧湖天,臺北市內湖區文德路210巷30弄85號,臺北市內湖區紫陽里22鄰文德路210巷30弄85號,121.584053,25.076288
碧湖文森,臺北市內湖區內湖路二段82號,臺北市內湖區港富里21鄰內湖路二段81之1號,121.582578,25.079951
碧湖海川,臺北市內湖區成功路三段146號,臺北市內湖區湖濱里31鄰成功路三段146號,121.58978,25.079868
碧硯閣,臺北市松山區延壽街號,台北市松山區三民路80巷,121.568916,25.057174
碩樺Artist,臺北市士林區福志里中山北路五段686號,臺北市士林區福志里20鄰中山北路五段700號,121.527586,25.097769
神隱村,臺北市北投區溫泉路號,台北市北投區光明路246號1樓,121.502596,25.133794
福一潭美,臺北市內湖區南京東路六段78號,臺北市內湖區行善里11鄰南京東路六段78號,121.576877,25.054199
禾碩榮星,臺北市中山區五常街29號,臺北市中山區行仁里1鄰五常街31號,121.538465,25.064411
禾碩樹晴,臺北市北投區磺港路78號,臺北市北投區清江里5鄰磺港路78號,121.503469,25.131323
禾碩沐晴,臺北市北投區中正街31號,臺北市北投區中央里8鄰中正街32號,121.500727,25.132099
禾碩芝山綻,臺北市士林區德華里文林路號,台北市士林區文林路689號,121.523055,25.100071
竹城有樂町,臺北市內湖區五分里東湖路160巷號,找不到指定的門牌地址。,,
第一匯,臺北市大同區重慶北路三段42號,臺北市大同區隆和里4鄰重慶北路三段42號,121.513471,25.065496
筑丰天母,臺北市士林區中山北路六段35巷20號,臺北市士林區德行里5鄰中山北路六段35巷20號,121.524564,25.102938
筑丰敦匯,臺北市松山區北寧路32巷號,臺北市松山區美仁里8鄰北寧路32巷8號,121.553126,25.049218
築億丰盛,臺北市大同區蓬萊里大龍街46巷及蘭州街89巷號,臺北市大同區蓬萊里13鄰大龍街46巷9號,121.515534,25.064746
築觀,臺北市士林區中山北路五段609號,臺北市士林區福志里18鄰中山北路五段616號,121.527968,25.096468
紀州樂章,臺北市中正區金門街44巷6弄號,臺北市中正區河堤里19鄰金門街44巷6弄10之2號,121.521474,25.020914
紘石仰格,臺北市士林區舊佳里中山北路五段號,台北市士林區中山北路五段716號,121.527292,25.097185
紫陽新苑,臺北市內湖區內湖里內湖路二段301巷1之1號,臺北市內湖區內湖里2鄰內湖路二段301巷1號,121.590772,25.082822
統創緻,臺北市大安區復興南路一段132號,臺北市大安區誠安里10鄰復興南路一段132號,121.543559,25.042807
統創翼,臺北市大安區民輝里建國南路一段號,台北市大安區建國南路一段176號,121.536817,25.041432
綠意久康,臺北市文山區久康街110巷號,臺北市文山區木柵里13鄰久康街110巷15號,121.568313,24.990088
綠意晶棧,臺北市中山區新生北路三段12號,臺北市中山區恆安里15鄰新生北路三段12號,121.527387,25.063348
綠水湛,臺北市士林區文林路708號,臺北市士林區德華里14鄰文林路718號,121.520863,25.102488
維正里安,臺北市北投區立農街一段號,台北市北投區立農街一段333號,121.503021,25.119329
綺華翡麗,臺北市文山區三福街79號,臺北市文山區萬有里23鄰三福街79號,121.542872,24.997928
緻信義,臺北市信義區基隆路二段64~72號,臺北市信義區黎順里17鄰基隆路二段201之1號,121.553045,25.024443
羅丹,臺北市中正區羅斯福路號,"臺北市中正區羅斯福路三段244巷9弄3號
",121.517439,25.033458
美好日安,臺北市士林區中山北路六段754巷7號,臺北市士林區天祿里14鄰中山北路六段754巷7號,121.528948,25.11523
義泰值境,臺北市內湖區週美里新豐街號,台北市內湖區新豐街與號行善路281巷,121.582703,25.059822
義泰吾境,臺北市內湖區南京東路六段號,台北市內湖區南京東路六段387號,121.576357,25.055378
義泰田境,臺北市內湖區週美里新富街號,台北市內湖區新豐街與號行善路281巷,121.583741,25.059674
耑岫,臺北市大安區義安里信義路四段號,台北市大安區復興南路一段135巷35號,121.550211,25.033047
耑序,臺北市大安區敦化南路一段187巷號,臺北市大安區建安里14鄰敦化南路一段187巷23號,121.550445,25.042666
耕云,臺北市大安區和平東路三段434巷旁號,臺北市大安區黎和里7鄰和平東路三段434巷7號,121.559366,25.017472
耕心冉冉,臺北市士林區天母里中山北路7段190巷號,臺北市士林區天母里1鄰中山北路七段190巷27之1號,121.535207,25.126038
耕曦,臺北市大安區羅斯福路三段55號,臺北市大安區古莊里11鄰羅斯福路三段55號,121.525645,25.023197
耕玥,臺北市中正區廈門街81巷49號,臺北市中正區螢圃里12鄰廈門街81巷51號,121.520034,25.024391
耕隱,臺北市士林區忠誠路二段21巷A棟2樓號,臺北市士林區三玉里14鄰忠誠路二段21巷21號,121.531526,25.109575
耕青禾,臺北市中山區中山北路二段183巷號,臺北市中山區恆安里3鄰中山北路二段183巷4之12號,121.523773,25.063663
聚昇陽,臺北市中山區民權東路二段71巷A2棟7樓號,臺北市中山區新福里1鄰民權東路二段71巷45之1號,121.531852,25.064364
聽禾,臺北市北投區大興街號,台北市北投區大業路384號,121.498262,25.129809
自慢藏,臺北市文山區汀洲路四段47-12號,台北市文山區汀州路四段287號,,
至仁愛,臺北市中正區仁愛路二段號,台北市中正區仁愛路二段74號,121.52578,25.038098
至善VILLA,臺北市士林區至善路二段88巷旁(故宮路口)A7棟4F號,台北市士林區至善路二段90號,121.546049,25.097638
興富發T1,臺北市內湖區石潭里安康路號,台北市內湖區安康路20號,121.594151,25.062445
舞春秋,臺北市中正區廈門街113巷號,臺北市中正區網溪里9鄰廈門街113巷10之2號,121.51821,25.023353
舞青,臺北市南港區興南街64巷26弄號,臺北市南港區東新里12鄰興南街64巷26弄12號,121.60186,25.055014
良茂詠悅,臺北市士林區前港里劍潭路57之1號,臺北市士林區前港里16鄰劍潭路57號,121.520951,25.083907
芯談美商辦大樓,臺北市內湖區金莊路號,臺北市內湖區石潭里13鄰金莊路92號,121.587097,25.063496
花沺藏,臺北市北投區三合街二段號,台北市北投區三合街一段118巷16號,121.50295,25.126563
花齊匯,臺北市中正區和平西路一段15號,臺北市中正區南福里1鄰和平西路一段15號,121.5213,25.027016
芳朵,臺北市文山區公訓段2小段431號,臺北市文山區景行里4鄰羅斯福路六段431號,121.54021,24.990873
荷里居,臺北市中正區和平西路二段C戶7樓號,台北市中正區和平西路二段96號,121.513352,25.028172
菁席,臺北市中正區仁愛路二段44號,臺北市中正區文北里13鄰仁愛路二段43之1號,121.528968,25.038471
菁選集,臺北市大同區民權西路292巷旁(B-08F)號,臺北市大同區南芳里11鄰民權西路292巷22號,121.510443,25.062332
華和淳萃,臺北市中正區廈門街149號,臺北市中正區網溪里6鄰廈門街149號,121.517688,25.021695
華固上文林,臺北市北投區文林北路與文承路交叉口號,台北市北投區文林北路與號文承路交叉口,121.514583,25.108808
華固大安學府,臺北市大安區復興南路二段號,台北市大安區復興南路二段297-1號,121.54379,25.032491
華固天鑄,臺北市士林區天母東路8號,臺北市士林區天福里20鄰天母東路8號,121.531383,25.117709
華固文臨,臺北市北投區文林北路175巷及75巷口號,臺北市北投區文林里18鄰文林北路176號,121.515916,25.106928
華固松疆,臺北市中山區松江路號,台北市中山區松江路177號,121.532712,25.046436
華固翡儷,臺北市北投區西安街二段吉利街口號,台北市北投區西安街二段203號,121.504535,25.120867
華固馥儷,臺北市內湖區週美里行善路號,台北市內湖區行善路185號,121.578618,25.057917
華山川,臺北市中山區松江路38巷25號,臺北市中山區興亞里10鄰松江路38巷25號,121.53109,25.047636
華穗,臺北市萬華區糖?里大理街133巷號,台北市萬華區大理街133巷10號,121.4973,25.034694
華誼信義-閱明,臺北市信義區基隆路二段22號,臺北市信義區中興里1鄰基隆路二段22號,121.558728,25.031936
華誼信義-閱翠,臺北市信義區基隆路二段23號,臺北市信義區景聯里4鄰基隆路二段23號,121.559,25.031759
華造峰格,臺北市萬華區康定路257-259號,臺北市萬華區富福里3鄰康定路257號,121.501258,25.034756
萬企大業,臺北市北投區大同里大業路號,台北市北投區大業路390號,121.496786,25.130879
萬大境,臺北市萬華區西園路二段261巷號,臺北市萬華區錦德里3鄰西園路二段261巷14之1號,121.492973,25.02533
萬錦,臺北市萬華區民和街118號,臺北市萬華區日善里7鄰民和街118號,121.497066,25.02531
蒔璞,臺北市內湖區東湖段一小段25-3地號,台北市內湖區東湖路113巷70弄7號,121.591037,25.087201
蓮園心邑,臺北市內湖區寶湖里民權東路六段289巷(巷口)號,臺北市內湖區寶湖里22鄰民權東路六段289巷31號,121.601219,25.069382
蔚來之森,臺北市文山區福興路97號,臺北市文山區興旺里22鄰福興路97號,121.549145,25.006205
藏美寓,臺北市中山區建國北路一段52號,臺北市中山區朱園里7鄰建國北路一段52號,121.536338,25.048022
蘭雅琚-蘭庭,臺北市士林區忠誠路二段40巷22號,臺北市士林區蘭雅里3鄰忠誠路二段40巷22號,121.529149,25.110303
虹耀今采,臺北市大安區潮州街55巷號,臺北市大安區錦泰里6鄰潮州街55巷12之1號,121.524116,25.030311
表參漾,臺北市中山區中山北路二段42巷B棟7樓號,臺北市中山區民安里15鄰中山北路二段42巷42號,121.520698,25.054627
西園町,臺北市萬華區西園路一段號,臺北市萬華區西園路一段36號,121.500283,25.041363
西門H,臺北市萬華區康定路143號,臺北市萬華區富民里4鄰康定路146號,121.501878,25.039933
親家JIA,臺北市大安區安東街35巷號,臺北市大安區誠安里14鄰安東街35巷25號,121.543245,25.044208
詠大直,臺北市內湖區文湖街21巷C1棟06樓號,臺北市內湖區西康里14鄰文湖街21巷116之3號,121.559713,25.091284
詠綸湛,臺北市松山區南京東路五段251巷26號,臺北市松山區安平里11鄰南京東路五段251巷27之2號,121.565209,25.052848
誠美知寓,臺北市中山區南京東路三段194巷號,臺北市中山區力行里16鄰南京東路三段194巷10號,121.542674,25.051418
誠美頤樺,臺北市中正區紹興北街31巷17號,臺北市中正區梅花里9鄰紹興北街31巷18號,121.52605,25.045179
豐河畔,臺北市文山區指南里指南路一段96巷13號,臺北市文山區指南里17鄰指南路三段97號,121.581121,24.982374
豐琚,臺北市南港區昆陽街號,台北市南港區昆陽街213號,121.59254,25.05365
豐華匯,臺北市大同區重慶北路二段150號,臺北市大同區延平里8鄰重慶北路二段150號,121.513469,25.058564
象山主人,臺北市文山區木柵路三段47號,臺北市文山區木柵里8鄰木柵路三段51號,121.566261,24.988651
貴暘御景-豪景樓,臺北市萬華區貴陽街二段1-3號,臺北市萬華區新起里24鄰貴陽街二段1之2號,121.506882,25.039391
貴暘御景-逸景樓,臺北市萬華區貴陽街二段3-2號,臺北市萬華區新起里24鄰貴陽街二段3之1號,121.506652,25.039432
躍大直,臺北市中山區大直街84巷號,臺北市中山區大直里3鄰大直街84巷19號,121.547394,25.084927
輕山敘,臺北市內湖區環山路二段50巷14弄19號,臺北市內湖區港華里19鄰環山路二段50巷14弄14之7號,121.571603,25.089794
連雲景粹,臺北市文山區仙岩路16巷號,台北市文山區仙岩路16巷36號,121.549378,24.997482
連雲臺北學,臺北市中山區榮星段三小段563-2及579-1地號,台北市中山區民生東路三段65巷,121.542097,25.046285
達欣信義文華,臺北市信義區吳興街600巷號,臺北市信義區泰和里14鄰吳興街600巷25號,121.569588,25.020992
達欣東匯,臺北市南港區三重里港東街號,台北市南港區經貿一路75巷,121.62125,25.056956
達欣東門馥寓,臺北市中正區金山南路一段號,台北市中正區金山南路一段96號,121.529312,25.040645
達永秋鄉,臺北市大安區臥龍街號,台北市大安區臥龍街291號,121.546753,25.024211
達永豐盛學,臺北市北投區中央北路一段號,台北市北投區中央北路一段88號,121.500861,25.134001
達觀淳境,臺北市文山區景華街128巷2弄7號,臺北市文山區景東里19鄰景華街128巷2弄7號,121.547259,24.994935
達麗,臺北市中山區正義段一小段218地號,臺北市中山區埤頭里12鄰安東街1之7號,121.542097,25.046285
達麗信義,臺北市信義區忠孝東路5段743巷號,臺北市信義區永春里5鄰忠孝東路五段743巷25號,121.581001,25.043935
達麗天蒔,臺北市北投區文林北路75巷號,臺北市北投區建民里10鄰文林北路75巷69號,121.517263,25.103325
達麗長安東路案,臺北市中山區長安東路一段65巷A2棟5樓號,臺北市中山區正義里6鄰長安東路一段65巷22號,121.527441,25.049123
遠雄商舟,臺北市北投區洲美里福美路與福善路號,台北市北投區承德路六段128號,121.505385,25.10066
遠雄宜進I-CITY,臺北市南港區西新里成功路一段號,台北市南港區成功路一段62號,121.593276,25.054881
遠雄山晴,臺北市北投區三合街一段B05棟6樓號,臺北市北投區奇岩里16鄰三合街一段99號,121.504623,25.126702
遠雄山綺,臺北市北投區三合街一段A02棟5樓號,臺北市北投區奇岩里16鄰三合街一段99號,121.504623,25.126702
遠雄峰邑,臺北市內湖區新豐街71號,臺北市內湖區週美里25鄰新豐街71號,121.584079,25.06021
遠雄常御,臺北市內湖區新豐街19號,臺北市內湖區週美里22鄰新豐街19號,121.582652,25.059272
遠雄晴川,臺北市文山區木柵路三段A02棟09樓號,臺北市文山區木新里1鄰木柵路三段220之1號,121.569667,24.989439
遠雄賦邑,臺北市內湖區行善路181巷37號,臺北市內湖區週美里23鄰行善路181巷37號,121.582421,25.058646
鄉林中山賦,臺北市中山區新福里吉林路329巷15號,臺北市中山區新福里9鄰吉林路329巷15號,121.530936,25.063984
醍湖,臺北市內湖區內湖路二段103巷號,臺北市內湖區港富里19鄰內湖路二段103巷34之3號,121.580918,25.081637
采吉,臺北市信義區永吉路225巷7弄7號,臺北市信義區五常里3鄰永吉路225巷7弄7號,121.574512,25.046751
采采靚心,臺北市文山區興順街100號,臺北市文山區興豐里20鄰興順街100號,121.545606,25.001329
里哲,臺北市中正區文盛里羅斯福路三段號,台北市中正區羅斯福路三段240巷,121.530005,25.018659
金朋馥蓊,臺北市松山區中正里南京東路三段256巷號,臺北市松山區中正里20鄰南京東路三段256巷23號,121.544669,25.050646
金瑞山,臺北市大同區延平北路二段及歸綏街口號,台北市大同區延平北路二段168號,121.512065,25.05654
鉑舍,臺北市中山區錦州街10號,臺北市中山區聚葉里7鄰錦州街11號,121.52417,25.060431
鐫月,臺北市士林區德行東路號,台北市士林區德行東路200號,121.525516,25.106779
鐫萃,臺北市松山區吉祥里南京東路五段號,臺北市松山區光復北路103巷,121.558845,25.051333
鐫豊,臺北市中山區中山北路一段33巷號,臺北市中山區正得里2鄰中山北路一段33巷10號,121.521832,25.04871
鑄慕,臺北市大安區正聲里光復南路260巷,臺北市大安區正聲里3鄰光復南路260巷26之3號,121.556318,25.040386
長安馥,臺北市中山區長安東路一段97號,臺北市中山區正義里2鄰長安東路一段97號,121.528884,25.048262
長耀四季,臺北市北投區三合街一段82巷號,臺北市北投區奇岩里3鄰三合街一段82巷71號,121.504389,25.128482
長虹天蔚,臺北市北投區三合街二段(A2-1F)號,台北市北投區三合街一段110號,121.502662,25.126705
長虹豐匯商業科技大樓,臺北市內湖區行善路號,台北市內湖區行善路365號,121.575334,25.056083
長見豐閱,臺北市大同區平陽街號,台北市大同區平陽街7號,121.516114,25.055197
開誠家圃,臺北市北投區文林段三小段582地號,台北市北投區自強街32號,121.505045,25.137374
閱讀中研,臺北市南港區舊莊街一段B3戶15樓號,台北市南港區舊莊街一段85號,121.623814,25.037295
附中仁,臺北市大安區大安路一段176巷7號,臺北市大安區仁慈里17鄰大安路一段176巷7號,121.545533,25.036514
陞遠學,臺北市松山區復勢里南京東路四段120巷B2戶號,臺北市松山區復勢里3鄰南京東路四段120巷32號,121.554739,25.049949
陶東騰,臺北市大安區新生南路一段97巷38號,臺北市大安區民輝里13鄰新生南路一段97巷38號,121.535946,25.041128
陽明大苑,臺北市士林區基河路300號,臺北市士林區福佳里26鄰基河路302號,121.519052,25.093978
陽明致遠,臺北市北投區致遠一路二段116號,臺北市北投區榮光里24鄰致遠一路二段116號,121.513035,25.113717
陽明迴鄉,臺北市北投區翠嶺路8號,臺北市北投區開明里25鄰翠嶺路7之1號,121.505996,25.142709
隆美富邑,臺北市北投區公館路352號,臺北市北投區奇岩里26鄰公舘路352號,121.504711,25.123211
隆雲心仝聚,臺北市北投區文林北路75巷號,臺北市北投區建民里10鄰文林北路75巷69號,121.517263,25.103325
隱苑,臺北市萬華區寶興街140巷號,臺北市萬華區錦德里21鄰寶興街140巷12號,121.494528,25.024591
雍居仁愛,臺北市中正區杭州南路71巷號,臺北市中正區文北里14鄰杭州南路一段71巷3之2號,121.526246,25.039702
雍雋品,臺北市中正區龍興里南海路70號,臺北市中正區龍興里11鄰南海路75號,121.508604,25.029299
雙全星,臺北市大同區萬全街48號,臺北市大同區雙連里9鄰萬全街52之3號,121.519683,25.058544
雙湖匯,臺北市內湖區成功路四段178號,臺北市內湖區內湖里24鄰成功路四段178號,121.593582,25.083355
雲極,臺北市大同區民生西路251號,臺北市大同區雙連里27鄰民生西路251號,121.514661,25.057169
青后,臺北市信義區基隆路一段號,台北市信義區松隆路1號,121.56934,25.048824
青琉,臺北市大安區龍安里和平東路一段199巷1號,臺北市大安區龍安里2鄰和平東路一段199巷2之4號,121.534116,25.026603
青田618,臺北市大安區青田街號,台北市大安區青田街6巷,121.531886,25.028338
青耘上,臺北市文山區華興里號,台灣台北市文山區木柵路一段303號,121.55361,24.988662
青隅,臺北市士林區承德路四段2巷號,臺北市士林區明勝里18鄰承德路四段2巷21號,121.520326,25.079321
靜安樹語,臺北市士林區天祿里士東路號,台北市士林區忠誠路二段98巷7弄2號,121.526926,25.11192
靜心集,臺北市文山區辛亥路五段56號,臺北市文山區興業里19鄰辛亥路五段56號,121.553779,24.999583
韋昌画清江,臺北市北投區清江路91巷號,臺北市北投區清江里8鄰清江路91巷18號,121.502185,25.129733
頤禾苑,臺北市中正區詔安街號,台北市中正區詔安街88號,121.514446,25.024927
風華系列TwinPark,臺北市南港區三重里重陽路(A1-3F)號,台北市南港區經貿二路255巷58號,121.612101,25.061163
首傅晴海.,臺北市萬華區環河南路二段號,臺北市萬華區環河南路二段43號,121.497801,25.039421
首岳,臺北市大同區寧夏路88號,臺北市大同區雙連里29鄰寧夏路94號,121.514967,25.058608
首席公館,臺北市信義區松仁路A2戶23樓號,台北市信義區松仁路136號,121.569222,25.030282
首敦旭日,臺北市內湖區內湖路三段243號,台北市內湖區內湖路三段209號,121.587999,25.088988
首泰城人之美,臺北市中山區力行里建國北路一段73號,臺北市中山區力行里28鄰建國北路一段73號,121.53715,25.051293
首泰大喆,臺北市南港區三重里三重路67巷號,台北市南港區三重路39號旁,121.613626,25.060668
香榭帝寶,臺北市南港區重陽路號,台北市南港區重陽路21號,121.595545,25.055344
馥新綻,臺北市北投區桃源里中央北路三段140巷12號,臺北市北投區桃源里10鄰中央北路三段142號,121.482947,25.137297
鳴森苑,臺北市松山區延壽街號,台北市松山區延壽街105號,121.568916,25.057174
麒源·拓,臺北市北投區公?路326巷5號,台北市北投區公舘路326巷5號,,
麗湖嵐天,臺北市內湖區金湖路347巷88號,臺北市內湖區金湖里23鄰金湖路347巷88號,121.598887,25.074216
麗盛南京,臺北市大同區南京西路448號,臺北市大同區玉泉里10鄰南京西路448號,121.508272,25.053398
鼎佳,臺北市中正區牯嶺街95巷號,臺北市中正區板溪里6鄰牯嶺街95巷8號,121.519703,25.025987
鼎吉中山VISION,臺北市中山區新生北路二段號,台北市中山區吉林路316號,121.527788,25.054293
鼎吉中山,臺北市中山區中山區新生里新生北路二段137巷1號,台北市中山區吉林路316號,,
鼎吉水岸,臺北市中正區水源路161-1號,臺北市中正區螢雪里12鄰水源路165之2號,121.514973,25.02409
鼎隆苑,臺北市文山區興隆路二段25巷乙棟I-11F號,臺北市文山區興豐里10鄰興隆路二段25巷20之1號,121.545682,24.999786
龍霖初心,臺北市北投區石牌路二段315巷號,臺北市北投區永欣里13鄰石牌路二段315巷6之3號,121.522989,25.122212
喆美,臺北市文山區景後街178號,臺北市文山區景行里19鄰景後街190之1號,121.541711,24.990058
